FishID,Weight (g),FrameIndex,Timestamp (s),FPS_Top,FPS_Front,Length (cm),Width (cm),Height (cm),Area (cm²),Perimeter (cm),TopMaskPixels,FrontMaskPixels,BlurTop,BlurFront,Score,_Truth_Length (cm),Width_truth (cm),Area_truth (cm²),Perimeter_truth (cm),_AbsError_Length (cm),_PerFishScale,_PerFishScale_Width,_PerFishScale_Perimeter,_PerFishScale_Area,_CompositeRelError,_SelectionMode,_relL,_relW,_relA,_relP,_CompositeRelErrorRecalc
fish10,17.7,451,22.55,20.0,20.0,22.59033477915313,9.37770293264678,1.0667151576255098,128.13053614486788,59.99555068072682,5813,95,412.9998427534693,246.7135383794043,775.9733811328736,20.44814786044034,4.850535999644887,63.7290805785124,46.71214876391671,2.1421869187127958,1.0000454602739153,0.5534935197921154,0.9249995515852448,0.4545876017944917,0.5832532341850891,fill,0.10476190476190449,0.9333333333333332,1.0105505207628835,0.2843671778822347,0.583253234185089
fish10,17.7,452,22.6,20.0,20.0,21.22464218201857,8.312125147378655,1.0667151576255098,115.30369022293816,55.33333970619414,5574,95,412.46959510993486,246.84499020232096,770.7945853122558,20.44814786044034,4.850535999644887,63.7290805785124,46.71214876391671,0.7764943215782338,1.0000454602739153,0.5534935197921154,0.9249995515852448,0.4545876017944917,0.4363659130086135,within,0.03797382173084056,0.7136508517795137,0.8092790477478694,0.1845599307762301,0.4363659130086134
fish10,17.7,453,22.65,20.0,20.0,20.95399680282936,7.996940307601383,1.333393947031887,113.22622391434608,54.552369739337685,5572,620,412.60721222873264,246.8635709474245,770.9107831761571,20.44814786044034,4.850535999644887,63.7290805785124,46.71214876391671,0.5058489423890222,1.0000454602739153,0.5534935197921154,0.9249995515852448,0.4545876017944917,0.4044828491293857,within,0.024738130115327005,0.6486714680989581,0.7766806438522931,0.16784115445096454,0.4044828491293857
fish10,17.7,9854,492.7,20.0,20.0,18.017906668518563,4.2439903808117965,48.26886088255431,43.70437420980087,39.1122491709414,1242,789,431.1687975801256,250.0606570668116,706.0694546469373,20.44814786044034,4.850535999644887,63.7290805785124,46.71214876391671,2.430241191921777,1.0000454602739153,0.5534935197921154,0.9249995515852448,0.4545876017944917,0.1802021679855046,fill,0.11884896414620522,0.12504713270399315,0.3142161504125526,0.16269642467926732,0.18020216798550454
fish11,13.0,6108,305.4,20.0,20.0,26.52202703082372,2.962241599230261,1.3064287061945594,48.99907573583979,62.305042534781485,7715,129,428.77971115421246,252.05072576640444,835.1304369206168,26.712832980685764,2.130735185411241,38.62075617283951,55.5714596774843,0.1908059498620424,0.9798215296459196,0.1361832555569262,0.7547075664571832,0.1136621013158029,0.1968201115552725,within,0.007142857142857324,0.39024390243902396,0.26872388299582145,0.12116980364338728,0.19682011155527251
fish11,13.0,6109,305.45,20.0,20.0,26.712832980685764,2.9882261746621075,1.3064287061945594,50.05014956718033,63.32929557619087,7715,129,428.589129636788,252.04987941223783,834.9390090490258,26.712832980685764,2.130735185411241,38.62075617283951,55.5714596774843,0.0,0.9798215296459196,0.1361832555569262,0.7547075664571832,0.1136621013158029,0.2094948117658076,within,0.0,0.4024390243902444,0.29593914068359606,0.13960108198939014,0.20949481176580767
fish11,13.0,6110,305.5,20.0,20.0,26.712832980685764,2.9882261746621075,1.3064287061945594,50.546719881199486,63.82258062081736,7908,129,428.6124151606618,252.04987941223783,838.8222945728995,26.712832980685764,2.130735185411241,38.62075617283951,55.5714596774843,0.0,0.9798215296459196,0.1361832555569262,0.7547075664571832,0.1136621013158029,0.2149283596962914,within,0.0,0.4024390243902444,0.3087967427408126,0.14847767165410886,0.21492835969629145
fish11,13.0,6111,305.55,20.0,20.0,26.712832980685764,3.06617990095764,1.3064287061945594,51.41778697370807,64.57620615501754,8096,129,428.7056270194159,252.04980128723784,842.6754283066537,26.712832980685764,2.130735185411241,38.62075617283951,55.5714596774843,0.0,0.9798215296459196,0.1361832555569262,0.7547075664571832,0.1136621013158029,0.2331036397310206,within,0.0,0.43902439024390266,0.3313511196828459,0.16203904899733393,0.23310363973102063
fish11,13.0,6112,305.6,20.0,20.0,27.28525083027189,3.1701182026850176,1.3064287061945594,52.40058238687097,65.16888769155075,8287,129,428.3533874360825,252.0496710789045,846.143058514987,26.712832980685764,2.130735185411241,38.62075617283951,55.5714596774843,0.5724178495861274,0.9798215296459196,0.1361832555569262,0.7547075664571832,0.1136621013158029,0.2596840425110874,within,0.021428571428571574,0.4878048780487807,0.3567984570877532,0.17270426347924436,0.25968404251108745
fish11,13.0,6113,305.65,20.0,20.0,27.66686272999597,3.30004107984424,1.3064287061945594,53.960640790081136,66.08875384846542,8511,129,428.3983006305271,252.0496710789045,850.6679717094316,26.712832980685764,2.130735185411241,38.62075617283951,55.5714596774843,0.9540297493102016,0.9798215296459196,0.1361832555569262,0.7547075664571832,0.1136621013158029,0.2927361615131553,within,0.03571428571428569,0.5487804878048783,0.3971927568841744,0.18925711564928308,0.29273616151315535
fish11,13.0,6114,305.7,20.0,20.0,27.85766867985801,3.4559485324353063,1.3064287061945594,55.97175056185871,67.36925261251834,8992,129,428.2571547706699,252.0496710789045,860.1468258495744,26.712832980685764,2.130735185411241,38.62075617283951,55.5714596774843,1.1448356991722477,0.9798215296459196,0.1361832555569262,0.7547075664571832,0.1136621013158029,0.33159347613708,within,0.042857142857142747,0.6219512195121955,0.44926604521590086,0.2122994969630807,0.3315934761370799
fish11,13.0,6115,305.75,20.0,20.0,28.04847462972006,3.53390225873084,1.3064287061945594,57.51525662126824,68.30825056466335,9258,129,428.1740384512254,252.0645213393212,865.3985597905465,26.712832980685764,2.130735185411241,38.62075617283951,55.5714596774843,1.3356416490342973,0.9798215296459196,0.1361832555569262,0.7547075664571832,0.1136621013158029,0.3567412416333772,within,0.050000000000000336,0.6585365853658542,0.48923175827708165,0.22919662289057305,0.35674124163337734
fish11,13.0,6116,305.8,20.0,20.0,28.430086529444136,3.585871409594528,1.3064287061945594,58.58495183938449,68.95706060222412,9347,129,428.2285350319002,252.0645213393212,867.2330563712214,26.712832980685764,2.130735185411241,38.62075617283951,55.5714596774843,1.7172535487583716,0.9798215296459196,0.1361832555569262,0.7547075664571832,0.1136621013158029,0.3762533952108042,fill,0.06428571428571432,0.6829268292682928,0.5169291760420015,0.24087186124720814,0.37625339521080414
fish11,13.0,6117,305.85,20.0,20.0,28.811698429168214,3.663825135890062,1.3064287061945594,59.27187410711099,69.52851406140385,9565,129,436.76398174001423,252.0645213393212,880.1285030793354,26.712832980685764,2.130735185411241,38.62075617283951,55.5714596774843,2.0988654484824494,0.9798215296459196,0.1361832555569262,0.7547075664571832,0.1136621013158029,0.3959885572350571,fill,0.07857142857142844,0.7195121951219517,0.5347155255544843,0.2511550796923639,0.39598855723505705
fish11,13.0,6127,306.35,20.0,20.0,30.147340078202507,3.845717163912972,1.3064287061945594,64.20033447375107,73.9187666985058,11133,129,436.53571776590223,249.94403956848785,909.13975733439,26.712832980685764,2.130735185411241,38.62075617283951,55.5714596774843,3.434507097516743,0.9798215296459196,0.1361832555569262,0.7547075664571832,0.1136621013158029,0.4814834285675554,fill,0.12857142857142864,0.804878048780488,0.6623272259723565,0.3301570109459483,0.4814834285675553
fish11,13.0,6143,307.15,20.0,20.0,31.101369827512716,3.819732588481129,1.3064287061945594,69.24879933294577,75.73659303152147,11292,129,429.6416344626909,253.1965135268212,908.678147989512,26.712832980685764,2.130735185411241,38.62075617283951,55.5714596774843,4.388536846826948,0.9798215296459196,0.1361832555569262,0.7547075664571832,0.1136621013158029,0.5282208354537216,fill,0.16428571428571448,0.792682926829269,0.7930461802207222,0.36286852047918056,0.5282208354537216
fish11,13.0,6146,307.3,20.0,20.0,30.74191128582849,3.506501013254776,1.3064287061945594,67.15492784216502,73.0778143409543,10519,129,429.6033916828673,253.1965330580712,893.1799247409384,26.712832980685764,2.130735185411241,38.62075617283951,55.5714596774843,4.029078305142722,0.9798215296459196,0.1361832555569262,0.7547075664571832,0.1136621013158029,0.462590015908775,fill,0.1508293151855469,0.6456765895936553,0.7388299582127936,0.3150242006431045,0.4625900159087751
fish11,13.0,6147,307.35,20.0,20.0,29.19330450595682,3.507916890312684,1.1757858355751034,60.881589541723066,68.19417748859303,10522,109,433.4336292150238,252.2477244384659,896.1213536534897,26.712832980685764,2.130735185411241,38.62075617283951,55.5714596774843,2.4804715252710565,0.9798215296459196,0.1361832555569262,0.7547075664571832,0.1136621013158029,0.3856843742111001,fill,0.09285692487444207,0.6463410912490474,0.5763955855566272,0.227143895164284,0.38568437421110013
fish11,13.0,6148,307.4,20.0,20.0,29.00249855609478,3.4559477394489955,1.1757858355751034,60.17604588722085,67.89915819432912,10279,109,432.6647012471517,253.29691063638256,891.5416118835343,26.712832980685764,2.130735185411241,38.62075617283951,55.5714596774843,2.289665575409014,0.9798215296459196,0.1361832555569262,0.7547075664571832,0.1136621013158029,0.371906764673262,fill,0.08571406773158488,0.6219508473466085,0.5581270759669988,0.2218350676478558,0.371906764673262
fish11,13.0,6149,307.45,20.0,20.0,28.620886656370693,3.429963164017151,1.1757858355751034,59.08359119637873,67.30963188726645,9895,109,431.7368149789127,253.2965004801325,882.9333154590453,26.712832980685764,2.130735185411241,38.62075617283951,55.5714596774843,1.908053675684929,0.9798215296459196,0.1361832555569262,0.7547075664571832,0.1136621013158029,0.3555627653311892,fill,0.0714283534458705,0.6097557253953889,0.5298403514411232,0.21122663104237416,0.35556276533118925
fish11,13.0,6150,307.5,20.0,20.0,28.620886656370693,3.403978588585306,1.1757858355751034,57.28145476508421,66.39681982312402,9889,109,431.3850831252864,253.2965004801325,882.4615836054189,26.712832980685764,2.130735185411241,38.62075617283951,55.5714596774843,1.908053675684929,0.9798215296459196,0.1361832555569262,0.7547075664571832,0.1136621013158029,0.3367419109338004,fill,0.0714283534458705,0.5975606034441693,0.4831779706418086,0.19480071620335349,0.33674191093380046
fish11,13.0,6151,307.55,20.0,20.0,28.048468806784573,3.403978588585306,1.1757858355751034,55.90554118665615,65.73360745274631,9668,109,431.2114284429857,253.2967023030493,877.868130746035,26.712832980685764,2.130735185411241,38.62075617283951,55.5714596774843,1.3356358260988088,0.9798215296459196,0.1361832555569262,0.7547075664571832,0.1136621013158029,0.3194945984463682,within,0.04999978201729919,0.5975606034441693,0.44755169827493846,0.182866310049066,0.31949459844636824
fish11,13.0,6152,307.6,20.0,20.0,27.47605095719845,3.403978588585306,1.1757858355751034,54.82136266771434,65.27790004405112,9500,109,430.9955604552469,253.3112921467993,874.3068526020462,26.712832980685764,2.130735185411241,38.62075617283951,55.5714596774843,0.7632179765126814,0.9798215296459196,0.1361832555569262,0.7547075664571832,0.1136621013158029,0.3050692513502432,within,0.02857121058872775,0.5975606034441693,0.4194792671166829,0.17466592425139318,0.3050692513502433
fish11,13.0,6153,307.65,20.0,20.0,26.90363310761232,3.377994013153462,1.1757858355751034,53.40613727275976,64.52892751285663,9212,109,430.7987156492445,253.3112921467993,868.3500077960439,26.712832980685764,2.130735185411241,38.62075617283951,55.5714596774843,0.1908001269265575,0.9798215296459196,0.1361832555569262,0.7547075664571832,0.1136621013158029,0.2841328747248076,within,0.007142639160156043,0.5853654814929499,0.38283510125361636,0.16118827699250798,0.2841328747248075
fish11,13.0,6154,307.7,20.0,20.0,28.827804668710403,3.0165920879852424,1.1757858355751034,50.66258628780394,62.69469011384105,8757,109,430.8286637030519,253.311103344716,859.2797670477678,26.712832980685764,2.130735185411241,38.62075617283951,55.5714596774843,2.1149716880246388,0.9798215296459196,0.1361832555569262,0.7547075664571832,0.1136621013158029,0.2337261077551823,fill,0.07917436872209814,0.415751759598895,0.311796849887496,0.12818145281223997,0.23372610775518227
fish11,13.0,6155,307.75,20.0,20.0,25.94960335830212,3.066179504464485,1.1757858355751034,48.761135793705606,61.46778874228976,8597,109,430.64192316623263,253.31128563638265,855.8932088026152,26.712832980685764,2.130735185411241,38.62075617283951,55.5714596774843,0.7632296223836477,0.9798215296459196,0.1361832555569262,0.7547075664571832,0.1136621013158029,0.2090655869626459,within,0.02857164655412938,0.4390242041611093,0.26256294867673846,0.1061035484586067,0.20906558696264596
fish11,13.0,6156,307.8,20.0,20.0,25.567991458578035,3.066179504464485,1.1757858355751034,48.55423149619763,61.346436984666,8379,109,423.907591705247,253.31111636554928,844.7987080707964,26.712832980685764,2.130735185411241,38.62075617283951,55.5714596774843,1.144841522107729,0.9798215296459196,0.1361832555569262,0.7547075664571832,0.1136621013158029,0.2107517553618458,within,0.04285736083984376,0.4390242041611093,0.2572056144862318,0.1039198419601983,0.21075175536184582
fish14,12.32,373,18.65,20.0,20.0,20.526968546659447,1.979598239961751,30.34875472094116,25.424797243380485,44.313462876421134,1472,2067,420.1155635703004,260.50526341729693,710.0608269875974,19.23723999023437,1.509253692626953,20.4362,39.91864342451096,1.2897285564250751,1.3006609166117644,0.1821431329149326,0.836008531162469,0.1540579320018248,0.1832210321899094,within,0.06704332622973957,0.31164048140649775,0.24410591222343125,0.11009440889996912,0.18322103218990943
fish14,12.32,375,18.75,20.0,20.0,20.341335520505204,1.963247414165863,10.058444421797644,25.340789166968925,44.897018216516855,1265,1598,419.8603463269645,260.8990947087606,706.0594410357251,19.23723999023437,1.509253692626953,20.4362,39.91864342451096,1.1040955302708326,1.3006609166117644,0.1821431329149326,0.836008531162469,0.1540579320018248,0.1807271526222447,within,0.05739365578592967,0.3008067654608183,0.239995163825414,0.1247130254168171,0.18072715262224476
fish15,9.61,3822,191.1,20.0,20.0,19.894231007362567,0.9743058157994944,0.868554559534659,14.109437003968257,38.161094323451984,915,90,445.8602071747203,264.6951073654069,728.8553145401272,20.03411102294922,1.539608319600423,24.11176215277778,41.40093262990316,0.1398800155866517,0.930594170929992,0.3135945272968448,0.8886264027994805,0.2586601508122255,0.2168105011951244,within,0.0069820924635197535,0.3671729339236375,0.41483177734719034,0.07825520104614983,0.21681050119512435
fish15,9.61,3823,191.15,20.0,20.0,19.894231007362567,0.9743058157994944,0.868554559534659,14.117931547619047,38.16283526584099,919,93,445.89876620249805,264.6945018966569,728.973268099155,20.03411102294922,1.539608319600423,24.11176215277778,41.40093262990316,0.1398800155866517,0.930594170929992,0.3135945272968448,0.8886264027994805,0.2586601508122255,0.2167119138074805,within,0.0069820924635197535,0.3671729339236375,0.414479478597851,0.0782131502449138,0.21671191380748053
fish15,9.61,3824,191.2,20.0,20.0,19.87955889723916,1.0116685632273446,0.7444753367439936,14.402498759920636,38.19072363175585,928,102,445.8609146306356,264.6941373133236,729.1150519439591,20.03411102294922,1.539608319600423,24.11176215277778,41.40093262990316,0.1545521257100617,0.930594170929992,0.3135945272968448,0.8886264027994805,0.2586601508122255,0.2077091725526012,within,0.007714448898332328,0.3429052374243441,0.4026774704949797,0.07753953339274854,0.20770917255260116
fish15,9.61,3825,191.25,20.0,20.0,19.895317727920148,1.0197249208843309,0.868554559534659,14.79324776785714,38.26640210253908,938,142,445.8503026420687,264.69457351124026,729.3048761533089,20.03411102294922,1.539608319600423,24.11176215277778,41.40093262990316,0.1387932950290711,0.930594170929992,0.3135945272968448,0.8886264027994805,0.2586601508122255,0.2016959186568863,within,0.006927848950726209,0.33767250546620736,0.3864717280253656,0.07571159218524613,0.20169591865688632
fish15,9.61,3826,191.3,20.0,20.0,19.895317727920148,1.0197249208843309,1.11671300511599,14.79324776785714,38.26640210253908,938,181,445.9216915309576,264.69383132374026,729.3755228546979,20.03411102294922,1.539608319600423,24.11176215277778,41.40093262990316,0.1387932950290711,0.930594170929992,0.3135945272968448,0.8886264027994805,0.2586601508122255,0.2016959186568863,within,0.006927848950726209,0.33767250546620736,0.3864717280253656,0.07571159218524613,0.20169591865688632
fish15,9.61,3827,191.35,20.0,20.0,19.5210171560261,1.0070532702212656,1.11671300511599,14.517175099206352,37.61190121553022,913,193,445.8937444917468,264.6946451258236,728.8483896175703,20.03411102294922,1.539608319600423,24.11176215277778,41.40093262990316,0.5130938669231178,0.930594170929992,0.3135945272968448,0.8886264027994805,0.2586601508122255,0.2152389573556372,within,0.025611012454476518,0.34590294336508415,0.39792143737889724,0.09152043622409106,0.21523895735563725
fish15,9.61,3828,191.4,20.0,20.0,19.5210171560261,1.0117217845069892,1.3648714506973212,14.283575148809524,37.49520219284419,906,210,445.8572037024981,264.69584304249025,728.6730467449884,20.03411102294922,1.539608319600423,24.11176215277778,41.40093262990316,0.5130938669231178,0.930594170929992,0.3135945272968448,0.8886264027994805,0.2586601508122255,0.2176076311245965,within,0.025611012454476518,0.34287066935987787,0.40760965298573193,0.09433918969829995,0.21760763112459655
fish15,9.61,3829,191.45,20.0,20.0,19.5210171560261,1.0070532702212656,1.3648714506973212,14.105189732142856,37.46081320548638,886,203,445.87794154972033,264.69529616749026,728.2932377172106,20.03411102294922,1.539608319600423,24.11176215277778,41.40093262990316,0.5130938669231178,0.930594170929992,0.3135945272968448,0.8886264027994805,0.2586601508122255,0.2204229263490877,within,0.025611012454476518,0.34590294336508415,0.4150079267218602,0.09516982285493009,0.22042292634908772
fish15,9.61,3830,191.5,20.0,20.0,19.5210171560261,1.0070532702212656,1.3648714506973212,14.126426091269842,37.484179820628526,878,213,445.880389466387,264.6956151779069,728.1360046442938,20.03411102294922,1.539608319600423,24.11176215277778,41.40093262990316,0.5130938669231178,0.930594170929992,0.3135945272968448,0.8886264027994805,0.2586601508122255,0.2200616400608989,within,0.025611012454476518,0.34590294336508415,0.41412717984851155,0.09460542457552351,0.2200616400608989
fish15,9.61,3831,191.55,20.0,20.0,19.53377851829892,1.0070532702212656,1.3648714506973212,14.11368427579365,37.543599558106365,877,218,445.8826204427083,264.6949446138912,728.1175650565995,20.03411102294922,1.539608319600423,24.11176215277778,41.40093262990316,0.5003325046503022,0.930594170929992,0.3135945272968448,0.8886264027994805,0.2586601508122255,0.2196756999078148,within,0.024974030745719845,0.34590294336508415,0.41465562797252076,0.09317019754793426,0.21967569990781477
fish15,9.61,3832,191.6,20.0,20.0,18.965946288023385,1.003051918819884,1.613029896278653,13.765407986111107,36.6420399064602,841,247,445.8767523871527,264.6963443534745,727.3930967406272,20.03411102294922,1.539608319600423,24.11176215277778,41.40093262990316,1.0681647349258334,0.930594170929992,0.3135945272968448,0.8886264027994805,0.2586601508122255,0.2364663931821962,within,0.05331730136177457,0.3485018845051398,0.4290998766954379,0.11494651016643277,0.23646639318219628
fish15,9.61,3833,191.65,20.0,20.0,18.965946288023385,1.003051918819884,1.4889506734879872,13.778149801587302,36.71919092562728,853,219,445.8886230558984,264.6964354993078,727.6450585552061,20.03411102294922,1.539608319600423,24.11176215277778,41.40093262990316,1.0681647349258334,0.930594170929992,0.3135945272968448,0.8886264027994805,0.2586601508122255,0.2358684038492454,within,0.05331730136177457,0.3485018845051398,0.42857142857142855,0.1130830009586388,0.23586840384924543
fish15,9.61,3834,191.7,20.0,20.0,18.965946288023385,1.003051918819884,1.613029896278653,13.612506200396826,36.614788537175016,842,232,445.86046768293966,264.6959602388912,727.3964279218309,20.03411102294922,1.539608319600423,24.11176215277778,41.40093262990316,1.0681647349258334,0.930594170929992,0.3135945272968448,0.8886264027994805,0.2586601508122255,0.2382162952559111,within,0.05331730136177457,0.3485018845051398,0.4354412541835476,0.11560474097318273,0.23821629525591118
fish15,9.61,3835,191.75,20.0,20.0,18.975768250925448,1.0218499782925414,1.7371091190693182,14.092447916666666,37.00217188869532,860,251,445.8370779349432,264.6972688326412,727.7343467675844,20.03411102294922,1.539608319600423,24.11176215277778,41.40093262990316,1.0583427720237708,0.930594170929992,0.3135945272968448,0.8886264027994805,0.2586601508122255,0.2277258818020893,within,0.05282703938355096,0.3362922470062102,0.41553637484586936,0.10624786597272667,0.2277258818020893
fish15,9.61,3836,191.8,20.0,20.0,18.975768250925448,1.0076754497429754,1.613029896278653,13.990513392857144,36.87931009351112,849,251,445.822824462721,264.6988118013912,727.5016362641122,20.03411102294922,1.539608319600423,24.11176215277778,41.40093262990316,1.0583427720237708,0.930594170929992,0.3135945272968448,0.8886264027994805,0.2586601508122255,0.2318263256152396,within,0.05282703938355096,0.34549882790676334,0.41976395983794257,0.10921547533270179,0.23182632561523966
fish15,9.61,3837,191.85,20.0,20.0,18.975768250925448,1.0038096987913607,1.7371091190693182,13.95228794642857,36.87829618193276,847,256,445.8456109210543,264.6993651868078,727.4849761078622,20.03411102294922,1.539608319600423,24.11176215277778,41.40093262990316,1.0583427720237708,0.930594170929992,0.3135945272968448,0.8886264027994805,0.2586601508122255,0.2328565008495881,within,0.05282703938355096,0.34800969440598956,0.42134930420997013,0.10923996539884173,0.23285650084958812
fish15,9.61,6132,306.6,20.0,20.0,20.287344564787062,4.384434486878678,5.33540657999862,58.1961185515873,50.26417472589785,3466,721,422.3383211045253,250.33695636570192,741.9952774702273,20.03411102294922,1.539608319600423,24.11176215277778,41.40093262990316,0.2532335418378473,0.930594170929992,0.3135945272968448,0.8886264027994805,0.2586601508122255,0.8720204188585778,within,0.012640118722900303,1.8477596743674245,1.413598731724502,0.2140831506194846,0.8720204188585778
fish15,9.61,6133,306.65,20.0,20.0,21.231812571818907,4.445260231074627,5.33540657999862,65.53965153769842,53.494361099389565,3700,518,421.8525956117794,250.33390949070187,746.1865051024813,20.03411102294922,1.539608319600423,24.11176215277778,41.40093262990316,1.1977015488696878,0.930594170929992,0.3135945272968448,0.8886264027994805,0.2586601508122255,0.989329073077991,within,0.059783114284317984,1.887266959058985,1.7181610005284482,0.292105218440213,0.989329073077991
fish15,9.61,6134,306.7,20.0,20.0,21.54498995143574,4.591307226761677,4.715010466045292,63.61988467261905,52.563809999936616,3983,481,421.5913063873666,250.3336230323685,751.5849294197352,20.03411102294922,1.539608319600423,24.11176215277778,41.40093262990316,1.5108789284865196,0.930594170929992,0.3135945272968448,0.8886264027994805,0.2586601508122255,0.9914280617478212,fill,0.07541532173580334,1.982126796998126,1.6385414831777347,0.2696286450796209,0.9914280617478212
fish2,16.0,4473,223.65,20.0,20.0,23.343166104543773,1.3333608523459772,10.261645849653068,20.45510139020481,41.21660504119818,576,2631,477.4718443237117,266.21262368418377,755.2044680078955,24.59605212089343,3.237973922338241,56.95595003287311,52.13504557120494,1.252886016349656,0.986696716312795,0.3265191201271009,0.8372911875435075,0.2912955753430181,0.372359254976974,within,0.050938500625690906,0.5882113678719451,0.6408610271903323,0.2094261242199278,0.37235925497697403
fish2,16.0,4475,223.75,20.0,20.0,25.27582706580304,1.2103573892447357,10.524764974003146,22.079034255568068,44.63094811116186,527,2559,477.5791446614394,266.211930325561,754.3310749870004,24.59605212089343,3.237973922338241,56.95595003287311,52.13504557120494,0.6797749449096067,0.986696716312795,0.3265191201271009,0.8372911875435075,0.2912955753430181,0.3525303553775417,within,0.027637563197882752,0.626199154695261,0.6123489425981874,0.14393576101883612,0.3525303553775418
fish2,16.0,4476,223.8,20.0,20.0,26.69334642020465,1.3155876011507108,10.393205411828106,24.531065337043728,46.900763512407984,561,2554,477.54535993921735,266.2124316276444,754.9777915668617,24.59605212089343,3.237973922338241,56.95595003287311,52.13504557120494,2.0972942993112262,0.986696716312795,0.3265191201271009,0.8372911875435075,0.2912955753430181,0.3371665093080273,fill,0.08526955012953683,0.5937003716815964,0.569297583081571,0.1003985323394047,0.3371665093080273
fish2,16.0,4981,249.05,20.0,20.0,27.922189416409253,6.2753174258649445,28.67998455415857,109.4649050999998,66.99949950610254,4030,205,460.1807769074428,257.87945960451765,798.6602365119605,24.59605212089343,3.237973922338241,56.95595003287311,52.13504557120494,3.3261372955158244,0.986696716312795,0.3265191201271009,0.8372911875435075,0.2912955753430181,0.5700763644732858,fill,0.1352305353382462,0.9380382845496618,0.9219222054380664,0.28511443256716906,0.5700763644732858
fish2,16.0,4984,249.2,20.0,20.0,28.371297376389645,4.887291904463157,1.1840360595753538,83.32066141988,60.776395747847566,3756,84,460.3442361050076,257.9787564879947,793.4429925930023,24.59605212089343,3.237973922338241,56.95595003287311,52.13504557120494,3.775245255496216,0.986696716312795,0.3265191201271009,0.8372911875435075,0.2912955753430181,0.3228757628410189,fill,0.1534898867891602,0.509367283889023,0.4628965256797584,0.16574935500613405,0.3228757628410189
fish2,16.0,4988,249.4,20.0,20.0,24.27331624503012,5.098174267232956,1.1840360595753538,77.0884157544627,54.92431163247473,2453,84,460.4569791497125,257.9240657318008,767.4410448815133,24.59605212089343,3.237973922338241,56.95595003287311,52.13504557120494,0.3227358758633087,0.986696716312795,0.3265191201271009,0.8372911875435075,0.2912955753430181,0.2486479297040777,within,0.013121450315563313,0.5744951594765799,0.35347432024169184,0.053500788782475925,0.24864792970407773
fish2,16.0,4989,249.45,20.0,20.0,24.49246967101664,5.669479137500189,1.1840360595753538,85.10053485840727,57.77680457785232,2833,84,460.80865017042737,257.923046852578,775.3916970230053,24.59605212089343,3.237973922338241,56.95595003287311,52.13504557120494,0.1035824498767894,0.986696716312795,0.3265191201271009,0.8372911875435075,0.2912955753430181,0.3393765890123154,within,0.004211344542923619,0.7509341561979235,0.49414652567975825,0.10821432962865606,0.3393765890123153
fish2,16.0,4990,249.5,20.0,20.0,24.76602004526987,5.71154618833462,1.1840360595753538,83.74008778907978,58.06390184616544,2546,84,463.0287195949789,257.91695636570194,771.8656759606807,24.59605212089343,3.237973922338241,56.95595003287311,52.13504557120494,0.16996792437644,0.986696716312795,0.3265191201271009,0.8372911875435075,0.2912955753430181,0.3387045039744167,within,0.00691037421538307,0.7639259380477456,0.470260574018127,0.1137211296164112,0.3387045039744167
fish2,16.0,4991,249.55,20.0,20.0,24.741494728092466,5.732595270208024,1.1840360595753538,84.75101288407413,58.169161347979866,2955,84,461.9672959911016,257.91619464695185,778.9834906380535,24.59605212089343,3.237973922338241,56.95595003287311,52.13504557120494,0.1454426071990333,0.986696716312795,0.3265191201271009,0.8372911875435075,0.2912955753430181,0.3450224524058207,within,0.005913250081117239,0.7704266333523586,0.48800981873111793,0.11574010745868933,0.34502245240582075
fish2,16.0,4992,249.6,20.0,20.0,24.24846988514728,5.661365847272692,1.1840360595753538,84.64346766120241,57.453046328619,3195,84,461.1340060721502,257.91538085554976,782.9493869277,24.59605212089343,3.237973922338241,56.95595003287311,52.13504557120494,0.3475822357461524,0.986696716312795,0.3265191201271009,0.8372911875435075,0.2912955753430181,0.3376715131646368,within,0.014131627061031098,0.7484284873994429,0.48612160120845965,0.10200433698961381,0.33767151316463684
fish2,16.0,4993,249.65,20.0,20.0,24.10346266463096,5.575241476532093,1.1840360595753538,83.47122473190043,56.9439381493204,2764,84,464.0679600682388,257.9175520772299,777.2655121454686,24.59605212089343,3.237973922338241,56.95595003287311,52.13504557120494,0.4925894562624719,0.986696716312795,0.3265191201271009,0.8372911875435075,0.2912955753430181,0.3249091550426375,within,0.02002717565572371,0.7218302587520652,0.4655400302114805,0.09223915555128033,0.32490915504263745
fish2,16.0,4994,249.7,20.0,20.0,24.078021129686903,5.334219796212759,1.1840360595753538,78.87366645413358,55.78361142139726,2784,84,464.7398828007262,257.91947590483545,778.3393587055616,24.59605212089343,3.237973922338241,56.95595003287311,52.13504557120494,0.5180309912065262,0.986696716312795,0.3265191201271009,0.8372911875435075,0.2912955753430181,0.2808143913753579,within,0.0210615503927347,0.6473943040161219,0.384818731117825,0.06998297997475011,0.2808143913753579
fish2,16.0,4995,249.75,20.0,20.0,24.52553706967598,5.543638894780465,1.1840360595753538,83.59490173820294,57.186626772273,3004,84,472.6328602398721,257.9204459558169,790.633306195689,24.59605212089343,3.237973922338241,56.95595003287311,52.13504557120494,0.0705150512174483,0.986696716312795,0.3265191201271009,0.8372911875435075,0.2912955753430181,0.3198857083721254,within,0.0028669255891496702,0.7120702722575456,0.4677114803625379,0.0968941552792683,0.3198857083721254
fish2,16.0,4996,249.8,20.0,20.0,24.88400837033509,5.606291684423981,27.890627181108336,86.04693281967859,58.01050740904776,3252,190,469.7318749076936,257.92187173706685,792.6937466447604,24.59605212089343,3.237973922338241,56.95595003287311,52.13504557120494,0.2879562494416632,0.986696716312795,0.3265191201271009,0.8372911875435075,0.2912955753430181,0.341646720851966,within,0.011707417435379865,0.7314196528103922,0.5107628398791542,0.11269697328293765,0.34164672085196596
fish2,16.0,5405,270.25,20.0,20.0,28.83759211572377,4.596531207777455,1.7102743082755114,79.20705664503598,60.19804959722264,1726,373,479.47184015721456,260.7359602610164,774.7278004182309,24.59605212089343,3.237973922338241,56.95595003287311,52.13504557120494,4.24153999483034,0.986696716312795,0.3265191201271009,0.8372911875435075,0.2912955753430181,0.2843366258880765,fill,0.17244799994659754,0.41957017506124883,0.3906722054380667,0.1546561231063934,0.2843366258880766
fish2,16.0,5406,270.3,20.0,20.0,28.463124385833343,4.5126196830971335,1.578714746100472,81.7935192551013,59.1534875432797,2157,359,479.42336359770985,260.7375748443497,783.3009384420596,24.59605212089343,3.237973922338241,56.95595003287311,52.13504557120494,3.867072264939914,0.986696716312795,0.3265191201271009,0.8372911875435075,0.2912955753430181,0.2803957259047296,fill,0.1572232911986302,0.39365535094811116,0.43608383685800617,0.13462042461417095,0.2803957259047296
fish2,16.0,5407,270.35,20.0,20.0,27.589369281319204,4.184167368377564,1.578714746100472,76.74964830241673,56.3351304956601,4022,356,479.09594167734775,260.73561520893315,820.2715568862809,24.59605212089343,3.237973922338241,56.95595003287311,52.13504557120494,2.993317160425775,0.986696716312795,0.3265191201271009,0.8372911875435075,0.2912955753430181,0.2105012288604539,fill,0.12169908998863536,0.29221774749688156,0.3475264350453174,0.08056164291098153,0.21050122886045397
fish2,16.0,5422,271.1,20.0,20.0,28.24528444963709,7.77962961124601,2.1049529948006294,129.10804005752297,73.40738175104579,4872,392,473.182000819058,260.79829750059974,831.4202983196578,24.59605212089343,3.237973922338241,56.95595003287311,52.13504557120494,3.649232328743661,0.986696716312795,0.3265191201271009,0.8372911875435075,0.2912955753430181,0.8064545376611139,fill,0.1483665878900856,1.4026226887053181,1.2668051359516612,0.4080237380973906,0.806454537661114
fish2,16.0,5424,271.2,20.0,20.0,27.687153905168707,7.664214108813285,2.2365125569756685,129.61350260502016,72.0911515917538,2667,439,472.6391622562928,260.7982714589332,786.7774337152259,24.59605212089343,3.237973922338241,56.95595003287311,52.13504557120494,3.0911017842752777,0.986696716312795,0.3265191201271009,0.8372911875435075,0.2912955753430181,0.7877774968020063,fill,0.12567471271739183,1.3669783304736187,1.275679758308157,0.38277718570885744,0.7877774968020063
fish2,16.0,5425,271.25,20.0,20.0,23.825954229625847,6.5248506416902,2.4996316813257478,90.4132688682712,62.16486541376313,2188,456,474.0462152187018,260.7989029693498,778.6051181880516,24.59605212089343,3.237973922338241,56.95595003287311,52.13504557120494,0.7700978912675822,0.986696716312795,0.3265191201271009,0.8372911875435075,0.2912955753430181,0.4565546796732777,within,0.0313098170178869,1.01510290020446,0.5874244712990938,0.1923815301716707,0.4565546796732779
fish2,16.0,5426,271.3,20.0,20.0,23.249519853102637,7.214979074945896,2.368072119150708,95.31195377007892,64.18363012433989,2565,472,472.61593748071,260.7970605214331,784.712998002143,24.59605212089343,3.237973922338241,56.95595003287311,52.13504557120494,1.3465322677907956,0.986696716312795,0.3265191201271009,0.8372911875435075,0.2912955753430181,0.5468801999601743,within,0.05474586983197044,1.2282387838799322,0.6734327794561933,0.23110336667260112,0.5468801999601743
fish2,16.0,5429,271.45,20.0,20.0,23.63380943745144,7.340456971901476,2.1049529948006294,101.30222268403476,65.76195293424655,2985,410,471.4755685415573,260.65303057351645,791.8285991150738,24.59605212089343,3.237973922338241,56.95595003287311,52.13504557120494,0.9622426834419926,0.986696716312795,0.3265191201271009,0.8372911875435075,0.2912955753430181,0.5865240498512915,within,0.03912183462258156,1.2669907627300177,0.7786064954682773,0.26137710658428925,0.5865240498512915
fish2,16.0,5430,271.5,20.0,20.0,24.21024381397464,6.336633796256829,1.97339343262559,87.4772842838727,61.94057365815102,2270,393,471.7977951116869,260.6564745796098,777.8542696912967,24.59605212089343,3.237973922338241,56.95595003287311,52.13504557120494,0.3858083069187898,0.986696716312795,0.3265191201271009,0.8372911875435075,0.2912955753430181,0.4241540616524181,within,0.01568578180849845,0.9569749319293314,0.5358761329305135,0.18807939994132916,0.4241540616524181
fish2,16.0,5431,271.55,20.0,20.0,23.825954229625847,5.709244311478926,1.8418338704505504,85.78882428478643,60.045225949539336,2143,332,473.5977777669271,260.65763668551966,777.1154144524468,24.59605212089343,3.237973922338241,56.95595003287311,52.13504557120494,0.7700978912675822,0.986696716312795,0.3265191201271009,0.8372911875435075,0.2912955753430181,0.3631201980026051,within,0.0313098170178869,0.7632150376789028,0.5062311178247738,0.15172481948885685,0.3631201980026051
fish2,16.0,5432,271.6,20.0,20.0,23.825954229625847,5.458288517567763,1.8418338704505504,79.42214709077945,58.67344444014156,1892,314,472.7620702329094,260.65533199560366,771.2574022285131,24.59605212089343,3.237973922338241,56.95595003287311,52.13504557120494,0.7700978912675822,0.986696716312795,0.3265191201271009,0.8372911875435075,0.2912955753430181,0.3092205691485895,within,0.0313098170178869,0.6857110799787308,0.39444864048338374,0.1254127391143566,0.30922056914858953
fish2,16.0,5433,271.65,20.0,20.0,24.01809902180024,5.270071672134392,1.578714746100472,77.08303849331914,58.31307357823198,1852,302,472.59763453864576,260.6589517872704,770.2965863259161,24.59605212089343,3.237973922338241,56.95595003287311,52.13504557120494,0.5779530990931896,0.986696716312795,0.3265191201271009,0.8372911875435075,0.2912955753430181,0.2807403255138815,within,0.02349779941319282,0.6275831117036021,0.3533799093655593,0.1185004815731717,0.2807403255138815
fish2,16.0,5434,271.7,20.0,20.0,24.01809902180024,6.022939053867877,1.4471551839254326,88.30538249998511,61.18118963901261,2276,278,470.9097612277373,260.6559179331037,777.085679160841,24.59605212089343,3.237973922338241,56.95595003287311,52.13504557120494,0.5779530990931896,0.986696716312795,0.3265191201271009,0.8372911875435075,0.2912955753430181,0.4018804701940581,within,0.02349779941319282,0.8600949848041168,0.550415407854985,0.17351368870393782,0.40188047019405815
fish2,16.0,5435,271.75,20.0,20.0,23.825951297728988,6.713066529803189,1.4471551839254326,94.19886071335642,63.75293432893337,2410,246,472.2243966991095,260.6608137664371,781.0852104655467,24.59605212089343,3.237973922338241,56.95595003287311,52.13504557120494,0.7701008231644408,0.986696716312795,0.3265191201271009,0.8372911875435075,0.2912955753430181,0.4953181117096755,within,0.0313099362198159,1.0732305728254525,0.6538897280966769,0.22284220969675692,0.49531811170967555
fish2,16.0,5436,271.8,20.0,20.0,24.59453339832345,7.026762229512524,1.4471551839254326,95.99486593531446,65.38800739617587,2440,246,472.8572656057097,260.6707421669854,782.3280077726951,24.59605212089343,3.237973922338241,56.95595003287311,52.13504557120494,0.0015187225699833,0.986696716312795,0.3265191201271009,0.8372911875435075,0.2912955753430181,0.5274499991774698,within,6.17465991092798e-05,1.1701108156048032,0.6854229607250756,0.254204473780891,0.5274499991774698
fish2,16.0,5437,271.85,20.0,20.0,24.01809902180024,7.277718023423685,1.4471551839254326,98.0382251698775,66.07439715695698,2413,219,473.0350563000149,260.6718033649019,781.9668596649168,24.59605212089343,3.237973922338241,56.95595003287311,52.13504557120494,0.5779530990931896,0.986696716312795,0.3265191201271009,0.8372911875435075,0.2912955753430181,0.5649454379388649,within,0.02349779941319282,1.2476147733049747,0.7212990936555891,0.26737008538170287,0.5649454379388649
fish5,27.36,1502,75.1,20.0,20.0,25.326193664235063,3.893122936152929,1.487148166261843,73.27099533870465,57.93385914961553,2719,179,440.9065580801316,250.4079426839193,745.6945007640509,23.4393935785061,2.240617705554497,44.720999405116,48.40197866718943,1.8868000857289644,1.1153611246963824,0.2885128922159749,0.8889331935663408,0.291232360752694,0.4133383055640441,fill,0.08049696675852391,0.7375221692222941,0.6384024577572966,0.1969316285180617,0.4133383055640441
fish5,27.36,1503,75.15,20.0,20.0,25.170820011918234,3.893122936152929,0.8922888997571059,73.04429902835611,57.85418603845975,2716,124,440.8463106867284,250.4085741943359,745.5748848810643,23.4393935785061,2.240617705554497,44.720999405116,48.40197866718943,1.7314264334121354,1.1153611246963824,0.2885128922159749,0.8889331935663408,0.291232360752694,0.4100023215468626,fill,0.07386822648005073,0.7375221692222941,0.6333333333333329,0.19528555715177298,0.41000232154686267
fish5,27.36,1504,75.2,20.0,20.0,25.17726118623785,3.899686247506852,0.8922888997571059,73.19542990192181,57.80065868134682,2728,124,440.8050650245761,250.40838539225257,745.7734504168286,23.4393935785061,2.240617705554497,44.720999405116,48.40197866718943,1.7378676077317508,1.1153611246963824,0.2885128922159749,0.8889331935663408,0.291232360752694,0.4113717134314096,fill,0.07414302771575855,0.7404514111619844,0.6367127496159756,0.19417966523192015,0.41137171343140966
fish5,27.36,1505,75.25,20.0,20.0,25.17726118623785,3.899686247506852,0.8922888997571059,73.19542990192181,57.80065868134682,2737,124,440.6578471351153,250.4086523193359,745.8064994544512,23.4393935785061,2.240617705554497,44.720999405116,48.40197866718943,1.7378676077317508,1.1153611246963824,0.2885128922159749,0.8889331935663408,0.291232360752694,0.4113717134314096,fill,0.07414302771575855,0.7404514111619844,0.6367127496159756,0.19417966523192015,0.41137171343140966
fish5,27.36,3896,194.8,20.0,20.0,26.944288903180357,2.9885530033307157,2.2307222493927648,60.09513099784252,55.957331487337456,3031,189,437.4619227330903,253.3255598947737,751.407482627864,23.4393935785061,2.240617705554497,44.720999405116,48.40197866718943,3.504895324674255,1.1153611246963824,0.2885128922159749,0.8889331935663408,0.291232360752694,0.2458031265541883,fill,0.1495301195798958,0.33380763524365864,0.34377880184331816,0.1560959495498811,0.2458031265541884
fish5,27.36,3897,194.85,20.0,20.0,27.069257959043306,2.9661030170802665,38.8145671394341,60.589741129512,56.24982747252407,3096,1009,440.5716837191357,247.73165682083763,750.2233405399733,23.4393935785061,2.240617705554497,44.720999405116,48.40197866718943,3.629864380537207,1.1153611246963824,0.2885128922159749,0.8889331935663408,0.291232360752694,0.248906875623271,fill,0.1548617018772102,0.3237880829591276,0.35483870967741943,0.16213900797932684,0.24890687562327102
fish5,27.36,3898,194.9,20.0,20.0,26.52735419170317,2.879053323285016,38.8145671394341,58.5700830918616,55.414448884846855,3051,1009,440.0166446802776,250.54010083125428,751.576745511532,23.4393935785061,2.240617705554497,44.720999405116,48.40197866718943,3.0879606131970725,1.1153611246963824,0.2885128922159749,0.8889331935663408,0.291232360752694,0.2178092282853125,fill,0.13174234234578192,0.28493732605425526,0.3096774193548388,0.1448798253863744,0.21780922828531257
fish5,27.36,3958,197.9,20.0,20.0,27.741358954352982,2.480968983324656,39.26071158931266,58.78304023188596,57.13950702556943,3751,4249,443.5697914387269,251.45962890557183,770.0494203442986,23.4393935785061,2.240617705554497,44.720999405116,48.40197866718943,4.301965375846883,1.1153611246963824,0.2885128922159749,0.8889331935663408,0.291232360752694,0.1964412951454495,fill,0.18353569436164002,0.10727009662305527,0.3144393241167436,0.18052006548035943,0.19644129514544956
fish5,27.36,5269,263.45,20.0,20.0,22.4404415142103,3.5241620950838786,1.3384333496356589,59.47686833325565,50.71941219020879,3565,90,424.3574433686998,254.20941730879684,749.8668606774966,23.4393935785061,2.240617705554497,44.720999405116,48.40197866718943,0.9989520642958,1.1153611246963824,0.2885128922159749,0.8889331935663408,0.291232360752694,0.2483260616338501,within,0.04261851147940269,0.5728529174555177,0.3299539170506912,0.04787890054978877,0.24832606163385007
fish5,27.36,5270,263.5,20.0,20.0,22.4404415142103,3.5241620950838786,1.3384333496356589,59.126519489989775,50.67486767450551,3673,90,424.235802808804,254.2110969962968,751.9068998051008,23.4393935785061,2.240617705554497,44.720999405116,48.40197866718943,0.9989520642958,1.1153611246963824,0.2885128922159749,0.8889331935663408,0.291232360752694,0.2461374603857036,within,0.04261851147940269,0.5728529174555177,0.32211981566820297,0.04695859693969122,0.24613746038570364
fish5,27.36,5271,263.55,20.0,20.0,23.6707770648508,3.68572889510328,1.3384333496356589,62.80174755170053,53.29823888795837,3828,90,424.2054729785873,254.21244139671325,754.9779143753005,23.4393935785061,2.240617705554497,44.720999405116,48.40197866718943,0.2313834863447006,1.1153611246963824,0.2885128922159749,0.8889331935663408,0.291232360752694,0.2900729935210885,within,0.009871564533857183,0.6449610685331768,0.4043010752688172,0.10115826574850333,0.2900729935210886
fish5,27.36,5272,263.6,20.0,20.0,24.393807582038274,4.454839453831476,1.3384333496356589,85.19659518006891,58.57701147242133,4815,90,424.1579425877701,254.2160025946299,774.6739451824,23.4393935785061,2.240617705554497,44.720999405116,48.40197866718943,0.9544140035321752,1.1153611246963824,0.2885128922159749,0.8889331935663408,0.291232360752694,0.536056548602036,within,0.040718374403993625,0.9882193391527336,0.9050691244239633,0.2102193564274536,0.536056548602036
fish5,27.36,5273,263.65,20.0,20.0,24.393807582038274,4.454839453831476,1.3384333496356589,85.1691168394206,58.55017897446993,4851,90,424.1933419050805,254.34213540713,775.5554773122104,23.4393935785061,2.240617705554497,44.720999405116,48.40197866718943,0.9544140035321752,1.1153611246963824,0.2885128922159749,0.8889331935663408,0.291232360752694,0.5357643468234756,within,0.040718374403993625,0.9882193391527336,0.9044546850998463,0.2096649886373287,0.5357643468234755
fish5,27.36,5275,263.75,20.0,20.0,28.20413089836292,4.787350442338798,1.1897185330094748,106.38926540507396,66.50655185716178,5866,95,423.8856335412297,254.34579100790032,795.55142454913,23.4393935785061,2.240617705554497,44.720999405116,48.40197866718943,4.76473731985682,1.1153611246963824,0.2885128922159749,0.8889331935663408,0.291232360752694,0.7732253619908062,fill,0.20327903552189505,1.1366208213346454,1.3789554531490016,0.3740461379576826,0.773225361990806
fish5,27.36,5951,297.55,20.0,20.0,24.81164541674782,4.702289391723665,2.379437066018949,87.9169509042511,60.31759710996191,5161,313,427.3334242553522,245.19524734967564,775.7486716050279,23.4393935785061,2.240617705554497,44.720999405116,48.40197866718943,1.37225183824172,1.1153611246963824,0.2885128922159749,0.8889331935663408,0.291232360752694,0.59232032639122,within,0.058544681783067695,1.0986576068138163,0.9658986175115211,0.24618039945647502,0.59232032639122
fish5,27.36,5952,297.6,20.0,20.0,27.59415152458492,4.680084190978257,2.0820074327665803,98.097676114448,64.94035120596416,5737,262,427.4295874497967,245.2926008666886,787.4621883164853,23.4393935785061,2.240617705554497,44.720999405116,48.40197866718943,4.154757946078817,1.1153611246963824,0.2885128922159749,0.8889331935663408,0.291232360752694,0.700309746349385,fill,0.17725535143062446,1.0887473036459172,1.1935483870967745,0.34168794322422413,0.700309746349385
fish5,27.36,6698,334.9,20.0,20.0,21.398043422563944,1.5782033874087442,22.90208176043238,27.9866899502984,42.90932542697573,1851,4101,435.5129035561455,254.6657942301009,727.1986977862464,23.4393935785061,2.240617705554497,44.720999405116,48.40197866718943,2.0413501559421547,1.1153611246963824,0.2885128922159749,0.8889331935663408,0.291232360752694,0.2176008006193659,fill,0.0870905703726939,0.2956391518747825,0.3741935483870968,0.11347993184289068,0.21760080061936599
fish5,27.36,6699,334.95,20.0,20.0,21.519114963119524,1.552800795527906,23.49694102693712,27.863037417381022,42.70163332654348,1848,4454,435.3408462696028,254.76484049096635,727.0656867605692,23.4393935785061,2.240617705554497,44.720999405116,48.40197866718943,1.9202786153865752,1.1153611246963824,0.2885128922159749,0.8889331935663408,0.291232360752694,0.2209077944445595,fill,0.08192526862757528,0.30697646828438924,0.3769585253456222,0.1177709155206517,0.2209077944445596
fish5,27.36,6700,335.0,20.0,20.0,21.33002747197261,1.552800795527906,24.09180029344186,27.8424286618948,42.62513543639381,1854,4555,435.03030374228393,254.9160774692853,727.0263812115693,23.4393935785061,2.240617705554497,44.720999405116,48.40197866718943,2.109366106533489,1.1153611246963824,0.2885128922159749,0.8889331935663408,0.291232360752694,0.2234348896935401,fill,0.08999234982204385,0.30697646828438924,0.37741935483870964,0.11935138582901791,0.22343488969354017
fish5,27.36,6703,335.15,20.0,20.0,21.32517214890689,1.521473151373672,25.87637809295607,27.82181990640857,42.351192216403234,1898,6122,434.1310893301316,254.9200651026408,727.0111544327724,23.4393935785061,2.240617705554497,44.720999405116,48.40197866718943,2.1142214295992083,1.1153611246963824,0.2885128922159749,0.8889331935663408,0.291232360752694,0.2285122460749377,fill,0.09019949353715137,0.3209581680971564,0.3778801843317972,0.12501113833364594,0.22851224607493772
fish5,27.36,6704,335.2,20.0,20.0,20.95935421238136,1.6331432708656834,27.363526259217917,28.907214362016607,42.59085430920933,1966,6281,433.9818878972372,254.8527571606,728.1546450578372,23.4393935785061,2.240617705554497,44.720999405116,48.40197866718943,2.480039366124739,1.1153611246963824,0.2885128922159749,0.8889331935663408,0.291232360752694,0.2126487800181016,fill,0.1058064645665122,0.27111917985066475,0.35360983102918586,0.12005964462604357,0.2126487800181016
fish5,27.36,6705,335.25,20.0,20.0,21.07583059564641,1.6376810060702234,27.80967070909647,29.834608358896894,42.67349105050247,2004,6193,433.81174039018407,254.85770507726667,728.7494454674508,23.4393935785061,2.240617705554497,44.720999405116,48.40197866718943,2.363562982859687,1.1153611246963824,0.2885128922159749,0.8889331935663408,0.291232360752694,0.2052890045711556,fill,0.10083720702685224,0.2690939636822435,0.33287250384024575,0.11835234373528142,0.20528900457115573
fish5,27.36,6706,335.3,20.0,20.0,21.1588847908867,1.6452948153752245,26.76866699271318,30.59713231188736,42.78692477024195,2039,5914,431.4877907456951,254.7725390573713,727.0403298030665,23.4393935785061,2.240617705554497,44.720999405116,48.40197866718943,2.2805087876194,1.1153611246963824,0.2885128922159749,0.8889331935663408,0.291232360752694,0.1987050766543565,fill,0.09729384764077789,0.2656958787317736,0.3158218125960059,0.11600876764886872,0.19870507665435652
fish5,27.36,6723,336.15,20.0,20.0,21.29072421174298,1.6131187886454132,9.66646308070198,30.24678346862147,43.02206501450373,2105,2230,430.7261588336521,255.3308854151408,728.1570442487929,23.4393935785061,2.240617705554497,44.720999405116,48.40197866718943,2.14866936676312,1.1153611246963824,0.2885128922159749,0.8889331935663408,0.291232360752694,0.2016329951317761,fill,0.09166915345171076,0.28005621635208555,0.3236559139784945,0.11115069674481343,0.20163299513177607
fish5,27.36,6724,336.2,20.0,20.0,21.46301692498167,1.5656368549726871,8.774174180944874,30.19869637248693,43.37842332669941,2104,1761,430.812673583909,255.3300651014541,728.2227386853632,23.4393935785061,2.240617705554497,44.720999405116,48.40197866718943,1.9763766535244292,1.1153611246963824,0.2885128922159749,0.8889331935663408,0.291232360752694,0.2035214153574285,fill,0.08431859155847636,0.3012476643867138,0.32473118279569896,0.10378822268882514,0.20352141535742857
fish5,27.36,6725,336.25,20.0,20.0,21.677072045012963,1.5401459347284574,8.328029731066321,30.20556595764901,43.58848322861464,2100,1644,430.80081594502025,255.28461262553543,728.0854285705557,23.4393935785061,2.240617705554497,44.720999405116,48.40197866718943,1.762321533493136,1.1153611246963824,0.2885128922159749,0.8889331935663408,0.291232360752694,0.2029591514032883,fill,0.07518631092526144,0.31262440223049576,0.32457757296466966,0.09944831949272658,0.20295915140328838
fish5,27.36,8575,428.75,20.0,20.0,26.91094625628431,3.176245157901357,3.420440782402239,63.1589659801285,58.39469701872503,2697,508,425.32225658569337,256.7143066276445,735.9765632133378,23.4393935785061,2.240617705554497,44.720999405116,48.40197866718943,3.471552677778209,1.1153611246963824,0.2885128922159749,0.8889331935663408,0.291232360752694,0.2961061899831739,fill,0.1481076149069667,0.4175756756841818,0.4122887864823351,0.20645268285921192,0.2961061899831739
fish5,27.36,8790,439.5,20.0,20.0,22.275967031082228,5.847047451820734,1.9332926161403965,95.71393006320756,63.06918265389684,1673,185,439.18053349019743,257.3996711473994,730.0402046375968,23.4393935785061,2.240617705554497,44.720999405116,48.40197866718943,1.163426547423871,1.1153611246963824,0.2885128922159749,0.8889331935663408,0.291232360752694,0.7756199342680774,within,0.04963552250305366,1.6095694224525177,1.1402457757296467,0.3030290163870916,0.7756199342680774
fish5,27.36,8793,439.65,20.0,20.0,23.60230375276932,5.869836408624061,1.9332926161403965,96.744367837519,65.04826906270819,1805,185,441.25443551907006,257.4067837863499,734.76121930542,23.4393935785061,2.240617705554497,44.720999405116,48.40197866718943,0.1629101742632208,1.1153611246963824,0.2885128922159749,0.8889331935663408,0.291232360752694,0.7834738354927688,within,0.006950272570729361,1.6197402591583214,1.1632872503840248,0.3439175598579999,0.7834738354927688
fish5,27.36,8795,439.75,20.0,20.0,22.70513781952777,4.6533648012902695,1.7845777995142118,80.01005838270136,59.32304457862565,1505,131,441.27204409358666,255.55519850157623,726.927242595163,23.4393935785061,2.240617705554497,44.720999405116,48.40197866718943,0.7342557589783283,1.1153611246963824,0.2885128922159749,0.8889331935663408,0.291232360752694,0.5307185858555683,within,0.03132571482786313,1.0768222931357574,0.7890937019969272,0.22563263346172563,0.5307185858555684
fish7,18.32,516,25.8,20.0,20.0,22.964542050132827,3.7329281162451218,42.6744969592288,98.06601381590924,51.06345070050358,1111,1700,444.4744832992554,259.58706379377577,726.2815470930311,26.63888888888889,6.888888888888889,173.51967592592592,64.87754009498491,3.674346838756062,1.2650542576846484,0.4352157018917075,0.8993930610830906,0.5796895493070424,0.3109556844010827,fill,0.13793168529219835,0.45812333796441784,0.43484211059861133,0.21292560374910346,0.31095568440108273
fish7,18.32,517,25.85,20.0,20.0,22.93761621958817,3.552367566159653,42.6744969592288,93.8971088339594,50.64083664622133,1051,1704,444.3628860690459,259.58706379377577,724.9699498628216,26.63888888888889,6.888888888888889,173.51967592592592,64.87754009498491,3.701272669300717,1.2650542576846484,0.4352157018917075,0.8993930610830906,0.5796895493070424,0.3253958712044169,fill,0.13894245682463602,0.4843337403961794,0.45886765674894836,0.219439630847904,0.32539587120441693
fish7,18.32,518,25.9,20.0,20.0,22.93244757279229,3.2769596907644347,42.6744969592288,90.64290030374536,50.47527546924121,1030,1673,444.1507549886069,259.58921874169243,724.3399737302994,26.63888888888889,6.888888888888889,173.51967592592592,64.87754009498491,3.7064413160965977,1.2650542576846484,0.4352157018917075,0.8993930610830906,0.5796895493070424,0.3407655237138295,fill,0.13913648319027896,0.5243123029535498,0.4776217750519541,0.22199153365953536,0.3407655237138295
fish7,18.32,555,27.75,20.0,20.0,23.15698110763709,2.251531037399139,41.831127454105705,58.382260063677634,47.14407073251871,723,439,447.114696169705,261.94991536441376,723.5246115341188,26.63888888888889,6.888888888888889,173.51967592592592,64.87754009498491,3.481907781251799,1.2650542576846484,0.4352157018917075,0.8993930610830906,0.5796895493070424,0.4351877746260062,fill,0.1307076956465743,0.6731648494098025,0.6635409802828325,0.2733375731648156,0.4351877746260062
fish7,18.32,556,27.8,20.0,20.0,23.15698110763709,2.251531037399139,45.2046054745981,58.065634368846005,46.964387949107945,715,581,446.7358506835938,261.9492057289971,722.9850564125909,26.63888888888889,6.888888888888889,173.51967592592592,64.87754009498491,3.481907781251799,1.2650542576846484,0.4352157018917075,0.8993930610830906,0.5796895493070424,0.4363363479762219,fill,0.1307076956465743,0.6731648494098025,0.6653657053069086,0.2761071415416021,0.4363363479762219
fish7,18.32,557,27.85,20.0,20.0,23.15698110763709,2.1443152737134654,41.831127454105705,54.09022286707103,46.707022714552856,734,511,446.7734765541924,261.94983723941374,723.4033137936061,26.63888888888889,6.888888888888889,173.51967592592592,64.87754009498491,3.481907781251799,1.2650542576846484,0.4352157018917075,0.8993930610830906,0.5796895493070424,0.4469465864429569,fill,0.1307076956465743,0.6887284280093358,0.6882761417203103,0.2800740803956075,0.44694658644295693
fish7,18.32,558,27.9,20.0,20.0,23.15698110763709,2.0370995100277924,41.831127454105705,51.31095287910445,46.68982024501919,717,514,446.6590624601389,261.94599609358045,722.9450585537194,26.63888888888889,6.888888888888889,173.51967592592592,64.87754009498491,3.481907781251799,1.2650542576846484,0.4352157018917075,0.8993930610830906,0.5796895493070424,0.4549080270158542,fill,0.1307076956465743,0.7042920066088689,0.7042931724872016,0.28033923332077204,0.4549080270158542
fish7,18.32,559,27.95,20.0,20.0,23.15698110763709,2.0370995100277924,41.99980135513033,54.49480014380034,47.19851529372272,741,613,446.6839539613889,261.94698567691376,723.4509396383027,26.63888888888889,6.888888888888889,173.51967592592592,64.87754009498491,3.481907781251799,1.2650542576846484,0.4352157018917075,0.8993930610830906,0.5796895493070424,0.4483606585970592,fill,0.1307076956465743,0.7042920066088689,0.6859445486339906,0.27249838349880334,0.44836065859705926
fish7,18.32,574,28.7,20.0,20.0,23.4600122910019,2.317001838956724,42.84317086025343,55.95479640330176,47.43567828280218,619,890,445.8058549965753,265.3945182289971,723.5803732255723,26.63888888888889,6.888888888888889,173.51967592592592,64.87754009498491,3.1788765978869904,1.2650542576846484,0.4352157018917075,0.8993930610830906,0.5796895493070424,0.4323416435075094,fill,0.11933217677156585,0.6636610233772497,0.6775305388007502,0.26884283508047185,0.4323416435075094
fish7,18.32,575,28.75,20.0,20.0,23.50015294177268,2.3322510384086987,44.19256206845038,57.53792487745994,47.6477891425543,647,990,445.0986240937974,265.39411458316374,723.4327386769612,26.63888888888889,6.888888888888889,173.51967592592592,64.87754009498491,3.13873594711621,1.2650542576846484,0.4352157018917075,0.8993930610830906,0.5796895493070424,0.4283132769650059,fill,0.11782533273846044,0.6614474299084148,0.6684069136803691,0.2655734315327791,0.4283132769650059
fish7,18.32,6945,347.25,20.0,20.0,25.257376322881072,4.605228786807394,3.542151921517015,110.46718686348164,53.19738733972835,2349,486,459.7182676653637,258.15628251393633,764.8545501793001,26.63888888888889,6.888888888888889,173.51967592592592,64.87754009498491,1.3815125660078174,1.2650542576846484,0.4352157018917075,0.8993930610830906,0.5796895493070424,0.2316918362495222,within,0.051860742832410246,0.3314990470763461,0.3633737138222921,0.18003384126704033,0.23169183624952222
fish7,18.32,6946,347.3,20.0,20.0,25.733959388604028,4.756625490894592,4.216847525615495,120.93342510930512,55.07493717853284,2821,569,460.0389710691665,258.1655891532791,774.6245602224454,26.63888888888889,6.888888888888889,173.51967592592592,64.87754009498491,0.9049295002848616,1.2650542576846484,0.4352157018917075,0.8993930610830906,0.5796895493070424,0.1994106747245607,within,0.03397024192935873,0.30952210616046244,0.30305641441532793,0.15109393639309418,0.19941067472456084
fish8,12.7,251,12.55,20.0,20.0,29.72341397134249,4.70531411646558,6.639436332354452,80.73312767564845,65.56100619531828,749,980,435.8213974235628,265.78007486672925,716.5814722902921,26.682296752929688,2.1263525221082897,43.020833333333336,55.36007635792097,3.041117218412808,1.0825167933186608,0.5314467474004103,0.9502599687973848,0.4875843664250133,0.596925650707949,fill,0.11397509167118054,1.2128570251372224,0.8766053890707628,0.18426509695263021,0.596925650707949
fish8,12.7,259,12.95,20.0,20.0,29.72341397134249,4.593282827978305,5.9177584701420125,76.21545265676153,64.94894542516458,760,1132,432.71676165839295,265.930804033396,713.847565691789,26.682296752929688,2.1263525221082897,43.020833333333336,55.36007635792097,3.041117218412808,1.0825167933186608,0.5314467474004103,0.9502599687973848,0.4875843664250133,0.55473705071863,fill,0.11397509167118054,1.160169953110146,0.7715940569126165,0.17320910118057722,0.5547370507186301
fish8,12.7,260,13.0,20.0,20.0,30.56663138896922,4.817345404952857,6.0620940425845005,83.51740220767229,67.51122063257576,741,1155,432.3878898714794,265.9334212208959,713.1413110923754,26.682296752929688,2.1263525221082897,43.020833333333336,55.36007635792097,3.884334636039533,1.0825167933186608,0.5314467474004103,0.9502599687973848,0.4875843664250133,0.642984708194447,fill,0.14557722193135555,1.2655440971642995,0.9413246033744648,0.21949291030766785,0.6429847081944469
fish8,12.7,262,13.1,20.0,20.0,30.56663138896922,4.70531411646558,6.350765187469476,86.25834172752455,66.94839818971579,858,1330,419.0888318065313,265.9413346319834,702.1901664385147,26.682296752929688,2.1263525221082897,43.020833333333336,55.36007635792097,3.884334636039533,1.0825167933186608,0.5314467474004103,0.9502599687973848,0.4875843664250133,0.6431992739403016,fill,0.14557722193135555,1.2128570251372224,1.0050365147318054,0.20932633396082292,0.6431992739403015
fish8,12.7,278,13.9,20.0,20.0,31.61925071504132,3.908619872207879,6.639436332354452,67.07176508855873,65.99870261237949,604,1374,419.650811093912,264.38524737341146,696.1160584673236,26.682296752929688,2.1263525221082897,43.020833333333336,55.36007635792097,4.936953962111634,1.0825167933186608,0.5314467474004103,0.9502599687973848,0.4875843664250133,0.4436081180359957,fill,0.1850273238404622,0.838180561110564,0.5590531352304209,0.1921714519625358,0.4436081180359957
fish8,12.7,283,14.15,20.0,20.0,30.74586784276941,4.008170380097536,6.206429615026988,68.87016809367917,64.64552940917831,642,1344,410.2989491210938,264.4042740609805,687.5432231820744,26.682296752929688,2.1263525221082897,43.020833333333336,55.36007635792097,4.063571089839726,1.0825167933186608,0.5314467474004103,0.9502599687973848,0.4875843664250133,0.4514693119437928,fill,0.15229465167362502,0.884998060492535,0.6008562075044067,0.16772832810460478,0.4514693119437929
fish8,12.7,3738,186.9,20.0,20.0,23.915232271807767,3.47312614517747,17.60893983798355,63.99497922437674,52.2436729893083,1280,614,448.7012061028376,272.3337626054128,746.6349687082503,26.682296752929688,2.1263525221082897,43.020833333333336,55.36007635792097,2.7670644811219205,1.0825167933186608,0.5314467474004103,0.9502599687973848,0.4875843664250133,0.3202261972264184,fill,0.10370413412099165,0.6333726929407958,0.48753462603878134,0.0562933358051044,0.32022619722641826
fish8,12.7,3795,189.75,20.0,20.0,23.51806826043266,5.366862157149598,23.959705025453022,72.19613027784773,54.484338268516176,1410,240,447.0380294215826,260.65494455336466,735.8929739749474,26.682296752929688,2.1263525221082897,43.020833333333336,55.36007635792097,3.164228492497028,1.0825167933186608,0.5314467474004103,0.9502599687973848,0.4875843664250133,0.5841376110731051,fill,0.11858906007218434,1.5239757290236735,0.6781667086376226,0.01581894655894003,0.5841376110731051
fish8,12.7,3796,189.8,20.0,20.0,31.481058321944097,5.516621267550238,27.27942319163025,142.9838726601192,72.37307146588945,2081,242,446.9338063119207,260.65645175166657,749.2102580635873,26.682296752929688,2.1263525221082897,43.020833333333336,55.36007635792097,4.79876156901441,1.0825167933186608,0.5314467474004103,0.9502599687973848,0.4875843664250133,1.1012913081496545,fill,0.17984814476240735,1.5944057771194395,2.323596071518509,0.3073152391982612,1.1012913081496543
fish8,12.7,3800,190.0,20.0,20.0,25.815099439335825,3.5590114291252286,2.598040303964786,61.79572735666918,54.92193952426185,1427,221,453.7650259867351,263.5255533629948,745.8305793497298,26.682296752929688,2.1263525221082897,43.020833333333336,55.36007635792097,0.8671973135938629,1.0825167933186608,0.5314467474004103,0.9502599687973848,0.4875843664250133,0.2876481876800046,within,0.03250084959416567,0.6737635891138362,0.4364140015109543,0.00791431050106249,0.2876481876800046
fish8,12.7,3801,190.05,20.0,20.0,25.61596819592373,3.5861008428953047,2.598040303964786,76.85464408629228,55.56515649120316,1782,221,453.2890016727399,263.5302929463281,752.4592946190679,26.682296752929688,2.1263525221082897,43.020833333333336,55.36007635792097,1.0663285570059529,1.0825167933186608,0.5314467474004103,0.9502599687973848,0.4875843664250133,0.3791558973049436,within,0.03996389691936376,0.6865034398622044,0.7864517753714427,0.0037044770667635056,0.37915589730494365
fish8,12.7,3808,190.4,20.0,20.0,30.82991810187352,4.564824562672337,2.598040303964786,78.79388588097035,63.94398731972304,1282,221,444.8383202635022,263.5563346129948,734.034654876497,26.682296752929688,2.1263525221082897,43.020833333333336,55.36007635792097,4.147621348943833,1.0825167933186608,0.5314467474004103,0.9502599687973848,0.4875843664250133,0.5722039000517429,fill,0.15544469006358788,1.1467863466713832,0.8315285822211025,0.155055981250898,0.5722039000517428
fish8,12.7,3810,190.5,20.0,20.0,29.886088052998517,4.418855329081029,2.598040303964786,88.34925606480314,64.64979788968799,1451,221,444.5323046305149,263.2334049254947,736.7857095560096,26.682296752929688,2.1263525221082897,43.020833333333336,55.36007635792097,3.2037913000688256,1.0825167933186608,0.5314467474004103,0.9502599687973848,0.4875843664250133,0.6049136864554184,fill,0.12007179628256913,1.0781386355916707,1.053638881893729,0.1678054320537049,0.6049136864554184
fish8,12.7,3827,191.35,20.0,20.0,23.356241757929865,3.7721843070719774,2.598040303964786,69.50935952320994,53.53663121641655,678,221,449.6710242783536,263.2390266748959,726.4700509532495,26.682296752929688,2.1263525221082897,43.020833333333336,55.36007635792097,3.326054994999822,1.0825167933186608,0.5314467474004103,0.9502599687973848,0.4875843664250133,0.3868305655736081,fill,0.12465399908404155,0.7740164285326672,0.6157139259632334,0.03293790871449032,0.38683056557360807
fish8,12.7,5718,285.9,20.0,20.0,25.47497734414221,5.406802022631422,1.0103490070974166,101.37142722236212,58.51460158833991,2059,110,444.1162448368589,256.94596679126954,742.2422116281284,26.682296752929688,2.1263525221082897,43.020833333333336,55.36007635792097,1.2073194087874768,1.0825167933186608,0.5314467474004103,0.9502599687973848,0.4875843664250133,0.7503305827354347,within,0.045247956724524266,1.5427590046407493,1.3563334172752453,0.056981952301219836,0.7503305827354347
fish8,12.7,7020,351.0,20.0,20.0,23.62093413341466,5.271286575309061,1.299020151982393,83.54990346680097,53.62622290851622,2675,123,426.3980766397924,268.46509111493435,748.3631677547266,26.682296752929688,2.1263525221082897,43.020833333333336,55.36007635792097,3.0613626195150268,1.0825167933186608,0.5314467474004103,0.9502599687973848,0.4875843664250133,0.6417902718092101,fill,0.11473384948313688,1.479027593262171,0.9420800805842355,0.03131956390729701,0.6417902718092102
fish8,12.7,7021,351.05,20.0,20.0,24.02995621138706,5.162599421466915,1.299020151982393,82.85654327205575,53.79657897625439,2646,123,426.43723458430907,268.466874969101,747.82410955341,26.682296752929688,2.1263525221082897,43.020833333333336,55.36007635792097,2.652340541542628,1.0825167933186608,0.5314467474004103,0.9502599687973848,0.4875843664250133,0.6203808244156942,fill,0.0994045065199046,1.4279132306566789,0.9259632334424579,0.0282423270437356,0.6203808244156943
fish8,12.7,7022,351.1,20.0,20.0,23.793824197577944,5.05806070404653,1.299020151982393,81.10147527910688,53.52437618220542,2628,123,426.3141096394669,268.467617156601,747.3417267960679,26.682296752929688,2.1263525221082897,43.020833333333336,55.36007635792097,2.8884725553517434,1.0825167933186608,0.5314467474004103,0.9502599687973848,0.4875843664250133,0.6013327109945052,fill,0.10825426994153313,1.37874983167487,0.8851674641148329,0.03315927824678462,0.6013327109945052
fish9,14.0,302,15.1,20.0,20.0,27.014610570226147,3.727336541189596,50.96064922096408,54.25171142486459,56.17547022395721,1409,3686,422.56838873424766,240.41364582108383,691.1620345553315,25.881115383572048,1.950888951619466,39.18441358024691,53.402549650934006,1.1334951866540983,1.1274479916142497,0.5075646694255317,0.9226224846455152,0.3263625425245512,0.3477068716223361,within,0.04379622631618035,0.9105836537212795,0.38452273411623006,0.05192487233565465,0.34770687162233616
fish9,14.0,303,15.15,20.0,20.0,24.747620196917943,4.07628898197876,51.71228121537358,51.32556431016986,53.25814038132168,1444,3662,421.8220651255666,240.74745767338,691.4495227989465,25.881115383572048,1.950888951619466,39.18441358024691,53.402549650934006,1.1334951866541054,1.1274479916142497,0.5075646694255317,0.9226224846455152,0.3263625425245512,0.3614497261437976,within,0.04379622631618063,1.0894520821366915,0.30984643179765164,0.0027041643246672065,0.3614497261437978
fish9,14.0,2521,126.05,20.0,20.0,23.820373185514523,3.672583007946633,1.3529375899370992,37.88259275368245,51.66496450950648,853,84,426.416083441162,247.4218880174001,690.8979714585621,25.881115383572048,1.950888951619466,39.18441358024691,53.402549650934006,2.0607421980575253,1.1274479916142497,0.5075646694255317,0.9226224846455152,0.3263625425245512,0.2569753810461337,fill,0.07962339209559625,0.8825177132188685,0.03322292482184075,0.03253749404822908,0.25697538104613366
fish9,14.0,2522,126.1,20.0,20.0,23.820373185514523,3.672583007946633,1.3529375899370992,37.88259275368245,51.66496450950648,853,84,426.34569283824027,247.4211262986501,690.8268191368903,25.881115383572048,1.950888951619466,39.18441358024691,53.402549650934006,2.0607421980575253,1.1274479916142497,0.5075646694255317,0.9226224846455152,0.3263625425245512,0.2569753810461337,fill,0.07962339209559625,0.8825177132188685,0.03322292482184075,0.03253749404822908,0.25697538104613366
fish9,14.0,3047,152.35,20.0,20.0,23.492283333515807,3.120260604470585,5.261423960866498,29.426656871164045,47.89659010476224,510,557,456.6965624128929,254.40204749627645,721.2986099091694,25.881115383572048,1.950888951619466,39.18441358024691,53.402549650934006,2.3888320500562408,1.1274479916142497,0.5075646694255317,0.9226224846455152,0.3263625425245512,0.2609572571584823,fill,0.09230019706077057,0.5994045185813389,0.24902137910267994,0.10310293388914002,0.26095725715848234
