FishID,Weight (g),FrameIndex,Timestamp (s),FPS_Top,FPS_Front,Length (cm),Width (cm),Height (cm),Area (cm²),Perimeter (cm),TopMaskPixels,FrontMaskPixels,BlurTop,BlurFront,Score,_Truth_Length (cm),Width_truth (cm),Area_truth (cm²),Perimeter_truth (cm),_AbsError_Length (cm),_SelectionMode
fish01,67.49,1748,87.4,20.0,20.0,17.719861748431402,6.791652314684544,4.133333333333333,78.38452787258247,40.24134461753918,1542,491,474.8130815824532,272.0641959266556,777.7172775091088,19.1436865234375,3.408346862792969,39.9032,40.79739644050599,1.4238247750060964,within
fish01,67.49,2551,127.55,20.0,20.0,17.8240414501815,7.629451982910729,10.4,89.9886234357224,41.22347258030575,2033,5818,469.8667076819903,268.42896466467124,778.9556723466616,19.1436865234375,3.408346862792969,39.9032,40.79739644050599,1.3196450732559981,within
fish01,67.49,2670,133.5,20.0,20.0,18.52616875200653,7.041881347323953,8.8,87.33409177095183,42.06656336106451,1619,3930,466.37777318836737,268.118730444336,766.8765036327034,19.1436865234375,3.408346862792969,39.9032,40.79739644050599,0.6175177714309683,within
fish01,67.49,2698,134.9,20.0,20.0,18.421001050917237,6.679208332747554,9.466666666666669,79.82555934774363,41.64274695345406,1558,3206,469.6972384617935,265.7999511688127,766.6571896306062,19.1436865234375,3.408346862792969,39.9032,40.79739644050599,0.7226854725202614,within
fish01,67.49,2733,136.65,20.0,20.0,18.656871407445863,5.524020191085898,13.6,72.92377701934015,41.2545023988378,1531,2717,464.272690613471,266.7494563778242,761.6421469912951,19.1436865234375,3.408346862792969,39.9032,40.79739644050599,0.48681511599163585,within
fish01,67.49,2826,141.3,20.0,20.0,20.254766453012024,6.447463802030877,12.533333333333331,88.60447478194916,44.59487967005165,1722,5454,465.1766166291226,267.1214843678369,766.7381009969595,19.1436865234375,3.408346862792969,39.9032,40.79739644050599,1.111079929574526,within
fish01,67.49,2864,143.2,20.0,20.0,20.291528942709892,6.9471596963908855,8.0,100.39817974971557,45.79355512727056,1938,3678,470.63750388769455,266.3405045376991,775.7380084253937,19.1436865234375,3.408346862792969,39.9032,40.79739644050599,1.1478424192723935,within
fish01,67.49,3008,150.4,20.0,20.0,18.49246534597693,5.915181386608557,10.933333333333334,76.20401971937807,41.98410980192618,1569,5658,465.26618423708686,269.14132484002647,765.7875090771133,19.1436865234375,3.408346862792969,39.9032,40.79739644050599,0.6512211774605667,within
fish01,67.49,3358,167.9,20.0,20.0,18.08266699149079,10.666339837464433,8.133333333333333,135.874099355328,46.06017817037374,3131,2320,463.25656596949074,268.54951497386304,794.4260809433538,19.1436865234375,3.408346862792969,39.9032,40.79739644050599,1.0610195319467088,within
fish01,67.49,4804,240.2,20.0,20.0,19.69794636828694,14.60137034845657,31.466666666666665,234.5468335229427,57.5823438354365,5091,5292,467.8913616886092,273.2998174886068,843.011179177216,19.1436865234375,3.408346862792969,39.9032,40.79739644050599,0.5542598448494402,within
fish10,17.7,9869,493.45,20.0,20.0,20.05774452764327,9.73676914490314,7.466666666666667,148.40728100113762,49.86734879902521,2837,2205,426.6985545449151,249.4687694294823,732.9073239743974,17.9943701171875,4.2684716796875,49.3518,41.10669091224671,2.0633744104557685,fill
fish10,17.7,9870,493.5,20.0,20.0,20.13363624831321,9.80721498350116,7.333333333333333,148.19871065604852,49.88675815747222,2738,2023,426.7073566912428,249.22879219181277,730.6961488830555,17.9943701171875,4.2684716796875,49.3518,41.10669091224671,2.1392661311257086,fill
fish10,17.7,9871,493.55,20.0,20.0,19.89758612047624,10.286070777513933,6.533333333333333,151.83921122487672,49.95768731717556,2800,1887,426.5797004718357,250.0269822563065,732.6066827281422,17.9943701171875,4.2684716796875,49.3518,41.10669091224671,1.9032160032887404,fallback
fish10,17.7,9872,493.6,20.0,20.0,19.89758612047624,10.286070777513933,6.133333333333333,151.9529768676526,49.96546725482925,2791,1751,426.5430511623617,250.1198076946577,732.4828588570196,17.9943701171875,4.2684716796875,49.3518,41.10669091224671,1.9032160032887404,fallback
fish10,17.7,9873,493.65,20.0,20.0,20.05774749906985,9.931506043228762,5.733333333333333,149.07091391733027,49.83666705526035,2754,1693,426.53740880893656,250.1602340830061,731.7776428919427,17.9943701171875,4.2684716796875,49.3518,41.10669091224671,2.0633773818823506,fill
fish10,17.7,9874,493.7,20.0,20.0,20.05774749906985,9.931506043228762,5.866666666666666,149.18467956010616,49.84444699291405,2769,1557,426.7464886736647,250.4730726521385,732.5995613258032,17.9943701171875,4.2684716796875,49.3518,41.10669091224671,2.0633773818823506,fill
fish10,17.7,9875,493.75,20.0,20.0,20.147977838721125,9.781957857536732,5.866666666666666,147.7815699658703,49.7276596210249,2753,1361,426.9002126478216,250.40867484867312,732.3688874964946,17.9943701171875,4.2684716796875,49.3518,41.10669091224671,2.153607721533625,fill
fish10,17.7,9876,493.8,20.0,20.0,20.224909558695483,9.634534241852302,5.733333333333333,146.454304133485,49.64002194392529,2741,1366,426.7998654197223,250.49297172367312,732.1128371433955,17.9943701171875,4.2684716796875,49.3518,41.10669091224671,2.2305394415079824,fill
fish10,17.7,9877,493.85,20.0,20.0,20.224909558695483,9.634534241852302,5.333333333333333,146.454304133485,49.64002194392529,2730,1328,414.9438107337481,250.5201006568802,720.0639113906283,17.9943701171875,4.2684716796875,49.3518,41.10669091224671,2.2305394415079824,fill
fish10,17.7,9883,494.15,20.0,20.0,19.939680835179196,9.516167463876654,4.933333333333334,143.74288964732648,49.36494769933167,2833,968,415.2300043086111,251.0718487004598,722.9618530090709,17.9943701171875,4.2684716796875,49.3518,41.10669091224671,1.9453107179916955,fallback
fish11,13.0,1906,95.3,20.0,20.0,20.04110899591246,7.822375568163434,18.53333333333333,129.52218430034128,48.81799098658109,1232,10012,440.6399493769705,248.71205402347783,713.9920034004483,19.23323974609375,1.5341293334960937,20.021,40.0114509677887,0.8078692498187081,within
fish11,13.0,1911,95.55,20.0,20.0,20.10703009467962,7.853242747518549,7.333333333333333,132.85930982176714,49.53600859563535,1278,4323,450.2234901596069,246.3011230430497,722.0846132026566,19.23323974609375,1.5341293334960937,20.021,40.0114509677887,0.8737903485858673,within
fish11,13.0,1912,95.6,20.0,20.0,20.34747050529452,7.7933001590385,8.266666666666666,132.91619264315509,49.73511026425597,1268,3025,450.0919280209953,246.34325194650236,721.7951799674976,19.23323974609375,1.5341293334960937,20.021,40.0114509677887,1.114230759200769,within
fish11,13.0,1913,95.65,20.0,20.0,20.26977810011465,7.867888909151333,7.733333333333333,133.4470989761092,49.85494392875052,1266,2881,450.07883682362126,246.47380205010307,721.8726388737244,19.23323974609375,1.5341293334960937,20.021,40.0114509677887,1.0365383540208981,within
fish11,13.0,1914,95.7,20.0,20.0,19.923176046218085,7.867888909151333,6.666666666666667,132.42320819112626,49.52544598662851,1240,2499,449.9126480780519,246.54163084156244,721.2542789196143,19.23323974609375,1.5341293334960937,20.021,40.0114509677887,0.6899363001243337,within
fish11,13.0,1915,95.75,20.0,20.0,20.51777781995937,7.896757804128676,7.2,138.79408418657562,50.747296876561286,1333,2328,449.7456823772666,246.58788730365967,722.9935696809263,19.23323974609375,1.5341293334960937,20.021,40.0114509677887,1.284538073865619,within
fish11,13.0,1917,95.85,20.0,20.0,20.36726169205759,7.867888909151333,6.8,135.53280242700035,50.22460114222712,1349,1957,449.8878095159836,247.1000617794354,723.967871295419,19.23323974609375,1.5341293334960937,20.021,40.0114509677887,1.1340219459638377,within
fish11,13.0,1918,95.9,20.0,20.0,19.96412081883301,7.971561982668853,6.4,128.1190747061054,49.04963943343346,1270,1757,449.41907281492246,246.92555658102037,721.7446293959428,19.23323974609375,1.5341293334960937,20.021,40.0114509677887,0.7308810727392583,within
fish11,13.0,1927,96.35,20.0,20.0,20.63993316682968,7.9250376137857295,3.8666666666666663,141.50549867273415,51.00363753011306,1523,392,444.2114945452466,248.50909496239552,723.1805895076421,19.23323974609375,1.5341293334960937,20.021,40.0114509677887,1.4066934207359303,within
fish11,13.0,2044,102.2,20.0,20.0,19.02992510079364,5.01277361873704,2.2666666666666666,83.21956769055744,43.802747578424494,1174,399,439.8996864149305,246.50496418888312,709.8846506038136,19.23323974609375,1.5341293334960937,20.021,40.0114509677887,0.2033146453001109,within
fish12,15.28,355,17.75,20.0,20.0,19.54028247373722,9.750306964420076,6.533333333333333,141.4106939704209,49.09499863166732,1777,1192,420.257586714662,248.3632291232639,704.1608158379258,19.19973022460937,1.5228977966308594,20.271,40.02540238380432,0.34055224912784965,within
fish12,15.28,355,17.75,20.0,20.0,19.54028247373722,9.750306964420076,6.533333333333333,141.4106939704209,49.09499863166732,1777,1192,420.257586714662,248.3632291232639,704.1608158379258,19.19973022460937,1.5228977966308594,20.271,40.02540238380432,0.34055224912784965,repeat
fish12,15.28,355,17.75,20.0,20.0,19.54028247373722,9.750306964420076,6.533333333333333,141.4106939704209,49.09499863166732,1777,1192,420.257586714662,248.3632291232639,704.1608158379258,19.19973022460937,1.5228977966308594,20.271,40.02540238380432,0.34055224912784965,repeat
fish12,15.28,355,17.75,20.0,20.0,19.54028247373722,9.750306964420076,6.533333333333333,141.4106939704209,49.09499863166732,1777,1192,420.257586714662,248.3632291232639,704.1608158379258,19.19973022460937,1.5228977966308594,20.271,40.02540238380432,0.34055224912784965,repeat
fish12,15.28,355,17.75,20.0,20.0,19.54028247373722,9.750306964420076,6.533333333333333,141.4106939704209,49.09499863166732,1777,1192,420.257586714662,248.3632291232639,704.1608158379258,19.19973022460937,1.5228977966308594,20.271,40.02540238380432,0.34055224912784965,repeat
fish12,15.28,355,17.75,20.0,20.0,19.54028247373722,9.750306964420076,6.533333333333333,141.4106939704209,49.09499863166732,1777,1192,420.257586714662,248.3632291232639,704.1608158379258,19.19973022460937,1.5228977966308594,20.271,40.02540238380432,0.34055224912784965,repeat
fish12,15.28,355,17.75,20.0,20.0,19.54028247373722,9.750306964420076,6.533333333333333,141.4106939704209,49.09499863166732,1777,1192,420.257586714662,248.3632291232639,704.1608158379258,19.19973022460937,1.5228977966308594,20.271,40.02540238380432,0.34055224912784965,repeat
fish12,15.28,355,17.75,20.0,20.0,19.54028247373722,9.750306964420076,6.533333333333333,141.4106939704209,49.09499863166732,1777,1192,420.257586714662,248.3632291232639,704.1608158379258,19.19973022460937,1.5228977966308594,20.271,40.02540238380432,0.34055224912784965,repeat
fish12,15.28,355,17.75,20.0,20.0,19.54028247373722,9.750306964420076,6.533333333333333,141.4106939704209,49.09499863166732,1777,1192,420.257586714662,248.3632291232639,704.1608158379258,19.19973022460937,1.5228977966308594,20.271,40.02540238380432,0.34055224912784965,repeat
fish12,15.28,355,17.75,20.0,20.0,19.54028247373722,9.750306964420076,6.533333333333333,141.4106939704209,49.09499863166732,1777,1192,420.257586714662,248.3632291232639,704.1608158379258,19.19973022460937,1.5228977966308594,20.271,40.02540238380432,0.34055224912784965,repeat
fish13,13.88,1164,58.2,20.0,20.0,10.548573287658762,7.500726811863081,5.066666666666666,63.80356465680697,30.510424540152577,1398,1085,429.2943001925812,251.1068618815104,708.3611620740916,13.96,2.66,22.5348,30.910210070610045,3.411426712341239,fallback
fish13,13.88,1644,82.2,20.0,20.0,10.515712281065747,7.594681091880817,5.2,68.73340917709517,31.367247327798395,1406,1326,426.1553634059576,250.8766080727472,705.1519714787048,13.96,2.66,22.5348,30.910210070610045,3.4442877189342536,fallback
fish13,13.88,1766,88.3,20.0,20.0,7.399945679268489,6.036797790982188,5.466666666666667,40.61433447098975,24.098662382100528,958,1144,427.9874821566358,251.0298631835938,698.1773453402295,13.96,2.66,22.5348,30.910210070610045,6.560054320731512,fallback
fish13,13.88,1903,95.15,20.0,20.0,8.839509002160169,6.421152562485757,5.866666666666666,44.40652256351914,25.4133465117294,976,1732,423.8576204245485,253.33040684762528,696.7080272721737,13.96,2.66,22.5348,30.910210070610045,5.120490997839832,fallback
fish13,13.88,2367,118.35,20.0,20.0,9.0041186063501,5.934748602092853,5.733333333333333,43.818733409177085,25.797145533604667,975,2060,426.4222475402079,251.55924474266905,697.4814922828768,13.96,2.66,22.5348,30.910210070610045,4.9558813936499,fallback
fish13,13.88,2767,138.35,20.0,20.0,7.399945679268489,6.036797790982188,4.0,36.329161926431546,22.58937295584373,908,458,429.18221303499945,252.55363278808588,699.8958458230853,13.96,2.66,22.5348,30.910210070610045,6.560054320731512,fallback
fish13,13.88,3088,154.4,20.0,20.0,6.795558254929278,6.365459856877545,4.133333333333333,35.87409935532802,22.80472674930873,802,546,428.19900121701096,253.41930012002524,697.6583013370362,13.96,2.66,22.5348,30.910210070610045,7.1644417450707225,fallback
fish13,13.88,3448,172.4,20.0,20.0,7.594681091880817,5.647326965757531,4.4,35.00189609404626,22.47020797840194,832,699,423.551918206787,251.3738899561457,691.5658081629327,13.96,2.66,22.5348,30.910210070610045,6.365318908119184,fallback
fish13,13.88,3700,185.0,20.0,20.0,8.423459508997826,5.3836447992588345,5.866666666666666,35.72241183162684,23.61093613687772,738,796,428.2033890697151,253.4356605326228,696.3990496023379,13.96,2.66,22.5348,30.910210070610045,5.5365404910021745,fallback
fish13,13.88,4571,228.55,20.0,20.0,7.20521026665616,6.036797790982188,4.133333333333333,40.064467197573,23.86345597691354,935,522,423.67891408390005,255.4279426796808,697.8068567635809,13.96,2.66,22.5348,30.910210070610045,6.7547897333438405,fallback
fish14,12.32,369,18.45,20.0,20.0,18.55739101683844,8.504534883343641,11.2,110.16306408797874,46.10456489961515,1345,3270,419.6803634059576,259.63135072401894,706.2117141299765,19.23723999023437,1.509253692626953,20.4362,39.91864342451096,0.6798489733959308,within
fish14,12.32,369,18.45,20.0,20.0,18.55739101683844,8.504534883343641,11.2,110.16306408797874,46.10456489961515,1345,3270,419.6803634059576,259.63135072401894,706.2117141299765,19.23723999023437,1.509253692626953,20.4362,39.91864342451096,0.6798489733959308,repeat
fish14,12.32,369,18.45,20.0,20.0,18.55739101683844,8.504534883343641,11.2,110.16306408797874,46.10456489961515,1345,3270,419.6803634059576,259.63135072401894,706.2117141299765,19.23723999023437,1.509253692626953,20.4362,39.91864342451096,0.6798489733959308,repeat
fish14,12.32,369,18.45,20.0,20.0,18.55739101683844,8.504534883343641,11.2,110.16306408797874,46.10456489961515,1345,3270,419.6803634059576,259.63135072401894,706.2117141299765,19.23723999023437,1.509253692626953,20.4362,39.91864342451096,0.6798489733959308,repeat
fish14,12.32,369,18.45,20.0,20.0,18.55739101683844,8.504534883343641,11.2,110.16306408797874,46.10456489961515,1345,3270,419.6803634059576,259.63135072401894,706.2117141299765,19.23723999023437,1.509253692626953,20.4362,39.91864342451096,0.6798489733959308,repeat
fish14,12.32,369,18.45,20.0,20.0,18.55739101683844,8.504534883343641,11.2,110.16306408797874,46.10456489961515,1345,3270,419.6803634059576,259.63135072401894,706.2117141299765,19.23723999023437,1.509253692626953,20.4362,39.91864342451096,0.6798489733959308,repeat
fish14,12.32,369,18.45,20.0,20.0,18.55739101683844,8.504534883343641,11.2,110.16306408797874,46.10456489961515,1345,3270,419.6803634059576,259.63135072401894,706.2117141299765,19.23723999023437,1.509253692626953,20.4362,39.91864342451096,0.6798489733959308,repeat
fish14,12.32,369,18.45,20.0,20.0,18.55739101683844,8.504534883343641,11.2,110.16306408797874,46.10456489961515,1345,3270,419.6803634059576,259.63135072401894,706.2117141299765,19.23723999023437,1.509253692626953,20.4362,39.91864342451096,0.6798489733959308,repeat
fish14,12.32,369,18.45,20.0,20.0,18.55739101683844,8.504534883343641,11.2,110.16306408797874,46.10456489961515,1345,3270,419.6803634059576,259.63135072401894,706.2117141299765,19.23723999023437,1.509253692626953,20.4362,39.91864342451096,0.6798489733959308,repeat
fish14,12.32,382,19.1,20.0,20.0,18.255516361598296,9.83616484985292,5.333333333333333,124.13727720894954,46.68525060052106,1656,820,416.1645873601277,264.388925191074,713.6735125512017,19.23723999023437,1.509253692626953,20.4362,39.91864342451096,0.9817236286360753,within
fish15,9.61,6131,306.55,20.0,20.0,20.896068652661537,14.071952759689596,6.0,234.4899507015548,58.25099643822182,3720,908,422.6340942681207,250.34286131361853,747.3769555817393,19.23274658203125,1.4780239868164062,22.2214,39.74489532470703,1.6633220706302865,fill
fish15,9.61,6132,306.6,20.0,20.0,19.314555081853246,13.950627926549526,5.733333333333333,215.16875237011752,56.27920906058307,3312,484,422.3383211045253,250.33695636570192,738.9152774702272,19.23274658203125,1.4780239868164062,22.2214,39.74489532470703,0.0818084998219959,within
fish15,9.61,6132,306.6,20.0,20.0,19.314555081853246,13.950627926549526,5.733333333333333,215.16875237011752,56.27920906058307,3312,484,422.3383211045253,250.33695636570192,738.9152774702272,19.23274658203125,1.4780239868164062,22.2214,39.74489532470703,0.0818084998219959,repeat
fish15,9.61,6132,306.6,20.0,20.0,19.314555081853246,13.950627926549526,5.733333333333333,215.16875237011752,56.27920906058307,3312,484,422.3383211045253,250.33695636570192,738.9152774702272,19.23274658203125,1.4780239868164062,22.2214,39.74489532470703,0.0818084998219959,repeat
fish15,9.61,6132,306.6,20.0,20.0,19.314555081853246,13.950627926549526,5.733333333333333,215.16875237011752,56.27920906058307,3312,484,422.3383211045253,250.33695636570192,738.9152774702272,19.23274658203125,1.4780239868164062,22.2214,39.74489532470703,0.0818084998219959,repeat
fish15,9.61,6132,306.6,20.0,20.0,19.314555081853246,13.950627926549526,5.733333333333333,215.16875237011752,56.27920906058307,3312,484,422.3383211045253,250.33695636570192,738.9152774702272,19.23274658203125,1.4780239868164062,22.2214,39.74489532470703,0.0818084998219959,repeat
fish15,9.61,6133,306.65,20.0,20.0,19.981393721566093,14.259755834081336,5.733333333333333,216.7993932499052,57.23206006793095,3404,518,421.8525956117794,250.33390949070187,740.2665051024813,19.23274658203125,1.4780239868164062,22.2214,39.74489532470703,0.7486471395348424,within
fish15,9.61,6134,306.7,20.0,20.0,20.671559545677024,14.707939077180246,5.066666666666666,232.2904816078877,59.31580209390539,3836,481,421.5913063873666,250.3336230323685,748.6449294197353,19.23274658203125,1.4780239868164062,22.2214,39.74489532470703,1.4388129636457734,within
fish15,9.61,6140,307.0,20.0,20.0,20.58593788865761,17.696229992808448,4.266666666666667,289.1922639362912,64.62365887063922,4749,696,420.9152007486791,250.35024737141924,766.2454481200983,19.23274658203125,1.4780239868164062,22.2214,39.74489532470703,1.3531913066263606,within
fish15,9.61,6141,307.05,20.0,20.0,21.605245664057225,18.50345071005817,4.133333333333333,312.1160409556313,67.23535981671337,4922,660,421.2973537113707,250.31960284016924,770.05695655154,19.23274658203125,1.4780239868164062,22.2214,39.74489532470703,2.372499082025975,fill
fish2,16.0,267,13.35,20.0,20.0,5.987378881177877,3.394713358086545,3.0666666666666664,15.339400834281378,15.351669582348494,406,559,459.4053038191431,268.8519009226057,736.3772047417489,19.184920654296874,2.5256196594238283,34.652,40.665335545539854,13.197541773118997,fallback
fish2,16.0,294,14.7,20.0,20.0,7.778479426093902,4.154656449814087,2.533333333333333,24.06143344709897,19.40283416923815,600,355,458.278875867886,268.6963345163557,738.9752103842418,19.184920654296874,2.5256196594238283,34.652,40.665335545539854,11.406441228202972,fallback
fish2,16.0,1705,85.25,20.0,20.0,5.4525915531452025,2.726295776572601,2.6666666666666665,13.045127038301098,14.591252733794958,367,516,470.5185980785041,266.5823828097873,744.4409808882914,19.184920654296874,2.5256196594238283,34.652,40.665335545539854,13.732329101151672,fallback
fish2,16.0,1832,91.6,20.0,20.0,10.24127132176285,5.36900978047574,3.2,46.22677284793325,27.54900388690989,820,310,465.67215691820326,269.11969396968414,751.1918508878874,19.184920654296874,2.5256196594238283,34.652,40.665335545539854,8.943649332534024,fallback
fish2,16.0,1960,98.0,20.0,20.0,7.638752548118807,5.946333822915742,2.4,39.097459233978,23.16326428093678,1017,271,473.08694366048206,269.22131834486856,762.6482620053506,19.184920654296874,2.5256196594238283,34.652,40.665335545539854,11.546168106178067,fallback
fish2,16.0,4171,208.55,20.0,20.0,42.288722116049584,8.681578422074534,5.066666666666666,260.0682593856655,91.34057161764774,2533,327,465.4756074191623,261.2675712479909,777.4031786671532,19.184920654296874,2.5256196594238283,34.652,40.665335545539854,23.10380146175271,fallback
fish2,16.0,4999,249.95,20.0,20.0,69.83431306417071,17.9524590785777,1.4666666666666666,917.4819871065604,157.95793007091302,3912,277,477.9307940217005,260.5680402967665,816.7388343184671,19.184920654296874,2.5256196594238283,34.652,40.665335545539854,50.64939240987384,fallback
fish2,16.0,5433,271.65,20.0,20.0,21.814153295762186,7.921041787886828,1.6,126.18505877891542,51.02557673329662,1482,302,472.59763453864576,260.6589517872704,762.8965863259161,19.184920654296874,2.5256196594238283,34.652,40.665335545539854,2.629232641465311,fallback
fish2,16.0,5851,292.55,20.0,20.0,7.054154081972727,2.9610028195935763,2.4,15.301478953356083,16.661907134594223,404,519,465.950884750856,257.9848600247595,732.0157447756154,19.184920654296874,2.5256196594238283,34.652,40.665335545539854,12.130766572324148,fallback
fish2,16.0,8713,435.65,20.0,20.0,33.93506438893768,9.354432714906787,2.2666666666666666,258.0773606370876,76.71167638760063,2792,346,449.83409285615534,256.03905916458774,761.7131520207431,19.184920654296874,2.5256196594238283,34.652,40.665335545539854,14.750143734640808,fallback
fish3,81.9,275,13.75,20.0,20.0,18.135227070622765,17.11375312524338,7.733333333333333,260.9594235874099,60.41131338083784,6247,1769,465.2650259328584,268.4841242573102,858.6891501901687,18.179229736328125,8.681918334960937,106.9158,43.98779381752014,0.044002665705360045,within
fish3,81.9,1112,55.6,20.0,20.0,16.873124029040394,13.424600735514955,38.13333333333333,166.1736822146378,50.39097250059587,3747,2725,468.0014624244784,265.0446158684624,807.9860782929409,18.179229736328125,8.681918334960937,106.9158,43.98779381752014,1.3061057072877311,within
fish3,81.9,2600,130.0,20.0,20.0,19.417409527346862,17.721947689893405,5.866666666666666,279.76867652635565,63.405788206615775,3595,1811,463.029487846544,268.3703841084798,803.2998719550238,18.179229736328125,8.681918334960937,106.9158,43.98779381752014,1.2381797910187373,within
fish3,81.9,4637,231.85,20.0,20.0,19.25189066662221,8.602862360436454,9.2,130.69776260902538,47.67697569079736,2469,3100,469.9923480879983,269.1230371091101,788.4953851971085,18.179229736328125,8.681918334960937,106.9158,43.98779381752014,1.0726609302940844,within
fish3,81.9,4673,233.65,20.0,20.0,19.11553041496684,7.741788993490694,8.266666666666666,114.7516116799393,45.10957428116578,2788,1184,474.15195746209423,268.2463150797526,798.1582725418468,18.179229736328125,8.681918334960937,106.9158,43.98779381752014,0.936300678638716,within
fish3,81.9,5219,260.95,20.0,20.0,19.53755173270648,7.842831611624683,9.866666666666667,127.81569965870304,46.944693121641066,3074,4231,464.07818122375846,267.8624999141693,793.4206811379278,18.179229736328125,8.681918334960937,106.9158,43.98779381752014,1.3583219963783542,within
fish3,81.9,5508,275.4,20.0,20.0,18.23626003162036,7.215574602581328,8.933333333333334,111.41448615851344,44.97548784406105,2730,3938,465.1007551612381,266.4236652068669,786.124420368105,18.179229736328125,8.681918334960937,106.9158,43.98779381752014,0.05703029529223613,within
fish3,81.9,5548,277.4,20.0,20.0,19.53091950857088,7.088879658747232,8.8,107.679180887372,44.71967150801574,2592,4188,468.6975823856874,269.0728807042334,789.6104630899208,18.179229736328125,8.681918334960937,106.9158,43.98779381752014,1.3516897722427537,within
fish3,81.9,5606,280.3,20.0,20.0,19.473541261232867,6.815739441431503,8.666666666666666,103.43193022373907,44.50142895398282,2522,2221,465.80512586261153,269.6514973649343,785.8966232275459,18.179229736328125,8.681918334960937,106.9158,43.98779381752014,1.2943115249047423,within
fish3,81.9,5641,282.05,20.0,20.0,19.53741950422349,6.546534878626349,7.6,105.30906332954112,45.55949081774827,2278,1544,463.9539452708868,268.6923502295177,778.2062955004044,18.179229736328125,8.681918334960937,106.9158,43.98779381752014,1.3581897678953645,within
fish4,61.25,796,39.8,20.0,20.0,17.981317573562,17.053207337166768,40.8,223.1513083048919,57.22545755806118,2451,2034,455.3864713360633,265.001149067084,769.4076204031473,18.05954345703125,2.184082641601562,22.9692,36.968567304611206,0.0782258834692513,within
fish4,61.25,2650,132.5,20.0,20.0,18.50626613674656,7.837649443662099,12.933333333333334,99.58285930982176,42.96880319690549,1913,9591,459.266822861735,265.5967089609676,763.1235318227026,18.05954345703125,2.184082641601562,22.9692,36.968567304611206,0.446722679715311,within
fish4,61.25,2998,149.9,20.0,20.0,17.84065618192622,8.14509849517392,14.8,99.07091391733027,42.57365576297752,1828,6991,466.98758606703007,264.2462043412527,767.7937904082828,18.05954345703125,2.184082641601562,22.9692,36.968567304611206,0.21888727510502903,within
fish4,61.25,3070,153.5,20.0,20.0,19.51296763486334,6.963272999899544,13.466666666666669,94.8805460750853,44.55045298905125,2069,5047,463.3574739571275,265.5416178338686,770.2790917909962,18.05954345703125,2.184082641601562,22.9692,36.968567304611206,1.4534241778320904,within
fish4,61.25,3319,165.95,20.0,20.0,17.22845316281431,12.3903035987121,11.733333333333333,156.73113386423964,48.172667912835145,3238,4689,465.2301388861762,266.712311192788,796.7024500789641,18.05954345703125,2.184082641601562,22.9692,36.968567304611206,0.8310902942169385,within
fish4,61.25,3515,175.75,20.0,20.0,18.01885114845843,6.642337385979364,12.0,82.68866135760332,40.695855026049145,1860,2573,459.03302469736747,268.9044302820735,765.137454979441,18.05954345703125,2.184082641601562,22.9692,36.968567304611206,0.0406923085728188,within
fish4,61.25,3869,193.45,20.0,20.0,18.44422572109817,6.96043454465513,11.066666666666666,84.81228668941978,42.27323109426758,1810,4221,459.7905550971139,267.9462042193942,763.9367593165082,18.05954345703125,2.184082641601562,22.9692,36.968567304611206,0.38468226406692096,within
fish4,61.25,4155,207.75,20.0,20.0,18.2942102785758,5.691649136113551,9.733333333333333,88.05460750853241,41.81668697640353,2051,4647,459.0060590229552,266.32394855320194,766.3500075761572,18.05954345703125,2.184082641601562,22.9692,36.968567304611206,0.23466682154455043,within
fish4,61.25,4241,212.05,20.0,20.0,19.084070436008208,17.915657960334237,14.266666666666666,256.8828213879408,61.34856152004994,2811,10691,457.7681075617284,267.7229230834538,781.7110306451823,18.05954345703125,2.184082641601562,22.9692,36.968567304611206,1.024526978976958,within
fish4,61.25,6628,331.4,20.0,20.0,16.747245484660265,10.710447693678075,9.866666666666667,159.76488433826316,48.25769632917991,4021,3343,464.0335502922905,265.9445864672237,810.3981367595142,18.05954345703125,2.184082641601562,22.9692,36.968567304611206,1.3122979723709847,within
fish5,27.36,351,17.55,20.0,20.0,18.006154242664785,11.36115297275282,6.666666666666667,177.11414486158512,51.64110403589943,1894,2253,451.3110720169445,257.05987952523765,746.2509515421822,19.220302734375,1.8373065185546875,30.0704,39.689622507095336,1.2141484917102154,within
fish5,27.36,355,17.75,20.0,20.0,18.383024733459777,11.20897061739403,6.666666666666667,177.37959802806216,51.87286674338967,1930,2173,450.8329209752777,257.0667643042247,746.4996852795024,19.220302734375,1.8373065185546875,30.0704,39.689622507095336,0.837278000915223,within
fish5,27.36,360,18.0,20.0,20.0,19.11979144068837,10.882499235747764,6.666666666666667,180.67880166856276,52.99098276341768,1933,2184,445.749644080268,257.0818652129175,741.4915092931855,19.220302734375,1.8373065185546875,30.0704,39.689622507095336,0.1005112936866297,within
fish5,27.36,365,18.25,20.0,20.0,19.995583769218225,10.644211623693009,6.666666666666667,180.28062191884715,53.9382123191682,1905,2066,445.6305989251031,257.34219072315426,741.0727896482573,19.220302734375,1.8373065185546875,30.0704,39.689622507095336,0.7752810348432249,within
fish5,27.36,371,18.55,20.0,20.0,20.225350815543216,10.636648600179951,6.533333333333333,176.81076981418275,53.67212631499155,1748,1808,445.4378559020996,257.3739550305578,737.7718109326574,19.220302734375,1.8373065185546875,30.0704,39.689622507095336,1.0050480811682156,within
fish5,27.36,376,18.8,20.0,20.0,20.16991439547788,10.435378277652651,6.133333333333333,167.1406901782328,52.90659870557053,1527,1844,447.7932378453384,257.3989484760603,735.7321863213986,19.220302734375,1.8373065185546875,30.0704,39.689622507095336,0.9496116611028782,within
fish5,27.36,382,19.1,20.0,20.0,20.325599319922617,10.627799691812651,6.266666666666667,160.845657944634,52.86488006204462,1357,1772,446.8224913193691,254.95335921207,728.915850531439,19.220302734375,1.8373065185546875,30.0704,39.689622507095336,1.1052965855476167,within
fish5,27.36,387,19.35,20.0,20.0,19.922144961193418,10.632396488738175,5.333333333333333,153.45089116420172,52.22549675396884,1125,1564,446.6529557291478,254.85723288828532,724.0101886174332,19.220302734375,1.8373065185546875,30.0704,39.689622507095336,0.7018422268184175,within
fish5,27.36,1698,84.9,20.0,20.0,19.141414511940507,15.839972377185688,1.8666666666666667,214.3155100492984,57.88783597040002,3175,359,439.18791143932566,248.35291664615207,751.0408280854778,19.220302734375,1.8373065185546875,30.0704,39.689622507095336,0.07888822243449312,within
fish5,27.36,1706,85.3,20.0,20.0,19.668276673845195,15.578833008986292,1.8666666666666667,217.6336746302616,57.85935217695082,3232,477,437.6107760389351,248.041783833652,750.292559872587,19.220302734375,1.8373065185546875,30.0704,39.689622507095336,0.44797393947019515,within
fish6,13.78,5498,274.9,20.0,20.0,20.44673398176131,8.75696797165177,6.266666666666667,144.29275692074324,49.31800008787447,2877,1391,440.0684286988811,265.1767643120659,762.7851930109471,21.77297607421875,1.5538430786132813,21.4108,44.779333097934725,1.3262420924574414,within
fish6,13.78,5499,274.95,20.0,20.0,20.48304184319182,8.80506719662444,6.266666666666667,145.48729616989002,49.5577565596611,2920,1044,439.921749020254,265.1747623443497,763.4965113646036,21.77297607421875,1.5538430786132813,21.4108,44.779333097934725,1.2899342310269297,within
fish6,13.78,5500,275.0,20.0,20.0,21.722585814148083,8.75696797165177,6.0,155.00568828213878,52.24830516907104,3001,920,439.5199955801317,265.17457354226644,764.7145691223981,21.77297607421875,1.5538430786132813,21.4108,44.779333097934725,0.05039026007066738,within
fish6,13.78,5500,275.0,20.0,20.0,21.722585814148083,8.75696797165177,6.0,155.00568828213878,52.24830516907104,3001,920,439.5199955801317,265.17457354226644,764.7145691223981,21.77297607421875,1.5538430786132813,21.4108,44.779333097934725,0.05039026007066738,repeat
fish6,13.78,5500,275.0,20.0,20.0,21.722585814148083,8.75696797165177,6.0,155.00568828213878,52.24830516907104,3001,920,439.5199955801317,265.17457354226644,764.7145691223981,21.77297607421875,1.5538430786132813,21.4108,44.779333097934725,0.05039026007066738,repeat
fish6,13.78,5500,275.0,20.0,20.0,21.722585814148083,8.75696797165177,6.0,155.00568828213878,52.24830516907104,3001,920,439.5199955801317,265.17457354226644,764.7145691223981,21.77297607421875,1.5538430786132813,21.4108,44.779333097934725,0.05039026007066738,repeat
fish6,13.78,5500,275.0,20.0,20.0,21.722585814148083,8.75696797165177,6.0,155.00568828213878,52.24830516907104,3001,920,439.5199955801317,265.17457354226644,764.7145691223981,21.77297607421875,1.5538430786132813,21.4108,44.779333097934725,0.05039026007066738,repeat
fish6,13.78,5500,275.0,20.0,20.0,21.722585814148083,8.75696797165177,6.0,155.00568828213878,52.24830516907104,3001,920,439.5199955801317,265.17457354226644,764.7145691223981,21.77297607421875,1.5538430786132813,21.4108,44.779333097934725,0.05039026007066738,repeat
fish6,13.78,5500,275.0,20.0,20.0,21.722585814148083,8.75696797165177,6.0,155.00568828213878,52.24830516907104,3001,920,439.5199955801317,265.17457354226644,764.7145691223981,21.77297607421875,1.5538430786132813,21.4108,44.779333097934725,0.05039026007066738,repeat
fish6,13.78,5500,275.0,20.0,20.0,21.722585814148083,8.75696797165177,6.0,155.00568828213878,52.24830516907104,3001,920,439.5199955801317,265.17457354226644,764.7145691223981,21.77297607421875,1.5538430786132813,21.4108,44.779333097934725,0.05039026007066738,repeat
fish7,18.32,301,15.05,20.0,20.0,18.18851366355454,7.25272634916171,8.266666666666666,92.1312097080015,44.117474976854055,791,1401,456.94575073195097,267.089908843316,739.8556595752669,19.18,4.96,89.9526,46.71182886838913,0.9914863364454582,within
fish7,18.32,6945,347.25,20.0,20.0,19.96544904651608,8.364452177035107,2.2666666666666666,119.0747061054228,46.7553829304002,2349,266,459.7182676653637,258.15628251393633,764.8545501793001,19.18,4.96,89.9526,46.71182886838913,0.7854490465160815,within
fish7,18.32,6945,347.25,20.0,20.0,19.96544904651608,8.364452177035107,2.2666666666666666,119.0747061054228,46.7553829304002,2349,266,459.7182676653637,258.15628251393633,764.8545501793001,19.18,4.96,89.9526,46.71182886838913,0.7854490465160815,repeat
fish7,18.32,6945,347.25,20.0,20.0,19.96544904651608,8.364452177035107,2.2666666666666666,119.0747061054228,46.7553829304002,2349,266,459.7182676653637,258.15628251393633,764.8545501793001,19.18,4.96,89.9526,46.71182886838913,0.7854490465160815,repeat
fish7,18.32,6945,347.25,20.0,20.0,19.96544904651608,8.364452177035107,2.2666666666666666,119.0747061054228,46.7553829304002,2349,266,459.7182676653637,258.15628251393633,764.8545501793001,19.18,4.96,89.9526,46.71182886838913,0.7854490465160815,repeat
fish7,18.32,6945,347.25,20.0,20.0,19.96544904651608,8.364452177035107,2.2666666666666666,119.0747061054228,46.7553829304002,2349,266,459.7182676653637,258.15628251393633,764.8545501793001,19.18,4.96,89.9526,46.71182886838913,0.7854490465160815,repeat
fish7,18.32,6946,347.3,20.0,20.0,20.342178394548327,8.639433193119656,3.333333333333333,130.35646568069774,48.405568514207175,2821,569,460.0389710691665,258.1655891532791,774.6245602224454,19.18,4.96,89.9526,46.71182886838913,1.1621783945483273,within
fish7,18.32,6947,347.35,20.0,20.0,21.476459578764604,12.58259055581917,5.6,207.98255593477435,57.277953890807225,4479,1149,447.7760152557752,262.2825064771865,799.6385217329617,19.18,4.96,89.9526,46.71182886838913,2.2964595787646047,fill
fish7,18.32,6948,347.4,20.0,20.0,21.369831421509247,12.586466781798064,5.6,202.1615472127417,55.51445228100364,4423,1149,447.2741227572217,263.48332678968643,799.2174495469081,19.18,4.96,89.9526,46.71182886838913,2.189831421509247,fill
fish7,18.32,6949,347.45,20.0,20.0,21.32248619603228,12.602399571141742,5.6,208.00151687523697,56.11102322842788,4429,1149,441.10936578776045,263.4836653313531,793.1730311191136,19.18,4.96,89.9526,46.71182886838913,2.14248619603228,fill
fish8,12.7,226,11.3,20.0,20.0,42.264692189264366,39.544579951413176,16.0,1255.7830868411072,142.47384264677237,2538,1717,435.2039607082603,252.04754191478088,738.0115026230412,19.21125366210937,1.5309738159179689,22.302,39.859254977703095,23.053438527154995,fallback
fish8,12.7,476,23.8,20.0,20.0,11.228059804626616,5.272149816687126,6.666666666666667,45.37353052711413,28.18801553451997,1001,1267,431.6238016130612,260.35492505720987,711.998726670271,19.21125366210937,1.5309738159179689,22.302,39.859254977703095,7.983193857482755,fallback
fish8,12.7,560,28.0,20.0,20.0,13.77708918547452,5.5706548741809545,6.266666666666667,62.38149412210845,33.617291556830715,1433,1314,439.4391051188151,264.4955110282792,732.5946161470943,19.21125366210937,1.5309738159179689,22.302,39.859254977703095,5.434164476634852,fallback
fish8,12.7,597,29.85,20.0,20.0,13.76775593457402,7.58434275593826,6.133333333333333,86.8790291998483,36.54763865585632,1757,1261,442.965537127384,263.0911425460709,741.1966796734549,19.21125366210937,1.5309738159179689,22.302,39.859254977703095,5.443497727535352,fallback
fish8,12.7,1458,72.9,20.0,20.0,13.388233445552762,5.759317062283808,4.133333333333333,59.21501706484641,32.30049260718773,1126,560,451.0081020928088,271.05116859638423,744.579270689193,19.21125366210937,1.5309738159179689,22.302,39.859254977703095,5.823020216556609,fallback
fish8,12.7,1835,91.75,20.0,20.0,8.276561092962124,6.419640106354475,3.8666666666666663,45.54417899127796,25.74899616580839,1114,423,454.0565620761447,266.3966535939111,742.7332156700558,19.21125366210937,1.5309738159179689,22.302,39.859254977703095,10.934692569147247,fallback
fish8,12.7,1862,93.1,20.0,20.0,8.035591025558618,6.851060789236111,4.933333333333334,45.41145240803943,25.38040878197341,1071,1266,457.3184933727689,270.33162758365216,749.070120956421,19.21125366210937,1.5309738159179689,22.302,39.859254977703095,11.175662636550753,fallback
fish8,12.7,1928,96.4,20.0,20.0,7.979420663127021,6.30840623789384,6.4,44.42548350398179,25.327530203054454,982,2582,454.8663232964221,269.8950618191931,744.4013851156152,19.21125366210937,1.5309738159179689,22.302,39.859254977703095,11.23183299898235,fallback
fish8,12.7,2253,112.65,20.0,20.0,8.611466126110573,7.817050771724816,5.2,51.08077360637087,27.328147684625065,1156,608,453.4422722540963,269.0021321525468,745.5644044066431,19.21125366210937,1.5309738159179689,22.302,39.859254977703095,10.599787535998798,fallback
fish8,12.7,2273,113.65,20.0,20.0,8.4533750889894,7.87341353402773,3.466666666666667,51.25142207053469,27.082363999012475,1172,286,455.38103526247744,267.7905371004634,746.6115723629409,19.21125366210937,1.5309738159179689,22.302,39.859254977703095,10.75787857311997,fallback
fish9,14.0,5057,252.85,20.0,20.0,19.73748119898773,8.937332822446985,2.933333333333333,126.09025407660218,46.24508329134657,2405,339,428.5977274138085,261.1881249713473,737.8858523851559,18.634403076171875,1.4046400451660157,20.3132,38.44983574867248,1.1030781228158553,within
fish9,14.0,5057,252.85,20.0,20.0,19.73748119898773,8.937332822446985,2.933333333333333,126.09025407660218,46.24508329134657,2405,339,428.5977274138085,261.1881249713473,737.8858523851559,18.634403076171875,1.4046400451660157,20.3132,38.44983574867248,1.1030781228158553,repeat
fish9,14.0,5057,252.85,20.0,20.0,19.73748119898773,8.937332822446985,2.933333333333333,126.09025407660218,46.24508329134657,2405,339,428.5977274138085,261.1881249713473,737.8858523851559,18.634403076171875,1.4046400451660157,20.3132,38.44983574867248,1.1030781228158553,repeat
fish9,14.0,5057,252.85,20.0,20.0,19.73748119898773,8.937332822446985,2.933333333333333,126.09025407660218,46.24508329134657,2405,339,428.5977274138085,261.1881249713473,737.8858523851559,18.634403076171875,1.4046400451660157,20.3132,38.44983574867248,1.1030781228158553,repeat
fish9,14.0,5057,252.85,20.0,20.0,19.73748119898773,8.937332822446985,2.933333333333333,126.09025407660218,46.24508329134657,2405,339,428.5977274138085,261.1881249713473,737.8858523851559,18.634403076171875,1.4046400451660157,20.3132,38.44983574867248,1.1030781228158553,repeat
fish9,14.0,5057,252.85,20.0,20.0,19.73748119898773,8.937332822446985,2.933333333333333,126.09025407660218,46.24508329134657,2405,339,428.5977274138085,261.1881249713473,737.8858523851559,18.634403076171875,1.4046400451660157,20.3132,38.44983574867248,1.1030781228158553,repeat
fish9,14.0,5057,252.85,20.0,20.0,19.73748119898773,8.937332822446985,2.933333333333333,126.09025407660218,46.24508329134657,2405,339,428.5977274138085,261.1881249713473,737.8858523851559,18.634403076171875,1.4046400451660157,20.3132,38.44983574867248,1.1030781228158553,repeat
fish9,14.0,5057,252.85,20.0,20.0,19.73748119898773,8.937332822446985,2.933333333333333,126.09025407660218,46.24508329134657,2405,339,428.5977274138085,261.1881249713473,737.8858523851559,18.634403076171875,1.4046400451660157,20.3132,38.44983574867248,1.1030781228158553,repeat
fish9,14.0,5057,252.85,20.0,20.0,19.73748119898773,8.937332822446985,2.933333333333333,126.09025407660218,46.24508329134657,2405,339,428.5977274138085,261.1881249713473,737.8858523851559,18.634403076171875,1.4046400451660157,20.3132,38.44983574867248,1.1030781228158553,repeat
fish9,14.0,5057,252.85,20.0,20.0,19.73748119898773,8.937332822446985,2.933333333333333,126.09025407660218,46.24508329134657,2405,339,428.5977274138085,261.1881249713473,737.8858523851559,18.634403076171875,1.4046400451660157,20.3132,38.44983574867248,1.1030781228158553,repeat
