FishID,FrameIndex,ExpectedCount,BeforeCount,AfterCountRaw,AfterCount,BeforeCorrect,AfterCorrect
fish01,336,1,0,0,1,0,1
fish01,462,1,2,2,1,0,1
fish01,504,1,2,2,1,0,1
fish01,546,1,2,2,1,0,1
fish01,630,1,0,0,1,0,1
fish01,799,1,0,0,1,0,1
fish01,841,1,0,0,1,0,1
fish01,883,1,0,0,1,0,1
fish01,1219,1,2,2,1,0,1
fish01,1261,1,2,3,1,0,1
fish01,1472,1,0,0,1,0,1
fish01,1514,1,0,0,1,0,1
fish01,1556,1,0,0,1,0,1
fish01,1598,1,0,0,1,0,1
fish01,1850,1,0,0,1,0,1
fish01,1892,1,0,0,1,0,1
fish01,1934,1,0,0,1,0,1
fish01,1976,1,0,0,1,0,1
fish01,2018,1,0,0,1,0,1
fish01,2060,1,0,0,1,0,1
fish01,2102,1,0,0,1,0,1
fish01,2229,1,2,2,1,0,1
fish01,2271,1,3,5,1,0,1
fish01,2902,1,0,0,1,0,1
fish01,3028,1,2,3,1,0,1
fish01,3196,1,0,0,1,0,1
fish01,3238,1,3,3,1,0,1
fish01,3280,1,3,3,1,0,1
fish01,3322,1,2,2,1,0,1
fish01,3911,1,0,0,1,0,1
fish01,3953,1,0,0,1,0,1
fish01,3995,1,0,0,1,0,1
fish01,4121,1,0,0,1,0,1
fish01,4163,1,0,0,1,0,1
fish01,4205,1,0,0,1,0,1
fish01,4247,1,3,3,1,0,1
fish01,4332,1,2,2,1,0,1
fish01,4416,1,2,2,1,0,1
fish01,4458,1,0,0,1,0,1
fish01,4542,1,2,3,1,0,1
fish01,4584,1,0,0,1,0,1
fish01,4626,1,0,0,1,0,1
fish01,4668,1,0,0,1,0,1
fish01,4710,1,0,0,1,0,1
fish01,4752,1,0,0,1,0,1
fish01,4836,1,0,0,1,0,1
fish01,4878,1,0,0,1,0,1
fish01,4920,1,2,2,1,0,1
fish01,5005,1,0,0,1,0,1
fish1+3+4+5,0,4,3,4,4,0,1
fish1+3+4+5,129,4,1,1,4,0,1
fish1+3+4+5,194,4,2,1,4,0,1
fish1+3+4+5,323,4,1,1,4,0,1
fish1+3+4+5,388,4,2,2,4,0,1
fish1+3+4+5,453,4,3,3,4,0,1
fish1+3+4+5,518,4,2,2,4,0,1
fish1+3+4+5,582,4,2,2,4,0,1
fish1+3+4+5,647,4,2,4,4,0,1
fish1+3+4+5,712,4,3,4,4,0,1
fish1+3+4+5,777,4,3,3,4,0,1
fish1+3+4+5,841,4,1,1,4,0,1
fish1+3+4+5,906,4,1,1,4,0,1
fish1+3+4+5,971,4,1,1,4,0,1
fish1+3+4+5,1036,4,3,3,4,0,1
fish1+3+4+5,1100,4,5,5,4,0,1
fish1+3+4+5,1165,4,5,6,4,0,1
fish1+3+4+5,1230,4,2,2,4,0,1
fish1+3+4+5,1295,4,3,3,4,0,1
fish1+3+4+5,1359,4,2,2,4,0,1
fish1+3+4+5,1424,4,5,5,4,0,1
fish1+3+4+5,1554,4,1,1,4,0,1
fish1+3+4+5,1618,4,1,1,4,0,1
fish1+3+4+5,1748,4,2,2,4,0,1
fish1+3+4+5,1813,4,1,1,4,0,1
fish1+3+4+5,1877,4,2,2,4,0,1
fish1+3+4+5,1942,4,1,1,4,0,1
fish1+3+4+5,2007,4,1,1,4,0,1
fish1+3+4+5,2136,4,5,6,4,0,1
fish1+3+4+5,2201,4,5,7,4,0,1
fish1+3+4+5,2395,4,3,3,4,0,1
fish1+3+4+5,2525,4,0,0,4,0,1
fish1+3+4+5,2590,4,2,4,4,0,1
fish1+3+4+5,2655,4,3,1,4,0,1
fish1+3+4+5,2719,4,3,3,4,0,1
fish1+3+4+5,2784,4,2,2,4,0,1
fish1+3+4+5,2849,4,2,2,4,0,1
fish1+3+4+5,2914,4,3,4,4,0,1
fish1+3+4+5,3043,4,2,2,4,0,1
fish1+3+4+5,3173,4,2,2,4,0,1
fish1+3+4+5,3237,4,3,4,4,0,1
fish1+3+4+5,3302,4,1,2,4,0,1
fish1+3+4+5,3367,4,0,0,4,0,1
fish1+3+4+5,3432,4,0,0,4,0,1
fish1+3+4+5,3496,4,2,2,4,0,1
fish1+3+4+5,3561,4,0,0,4,0,1
fish1+3+4+5,3691,4,5,5,4,0,1
fish1+3+4+5,3755,4,1,2,4,0,1
fish1+3+4+5,3885,4,1,1,4,0,1
fish1+3+4+5,3950,4,3,2,4,0,1
fish1+3+4+5,4014,4,1,1,4,0,1
fish1+3+4+5,4079,4,6,7,4,0,1
fish1+3+4+5,4144,4,5,8,4,0,1
fish1+3+4+5,4209,4,1,1,4,0,1
fish1+3+4+5,4273,4,3,3,4,0,1
fish1+3+4+5,4338,4,3,2,4,0,1
fish1+3+4+5,4403,4,1,1,4,0,1
fish1+3+4+5,4468,4,3,2,4,0,1
fish1+3+4+5,4597,4,3,3,4,0,1
fish1+3+4+5,4662,4,1,1,4,0,1
fish1+3+4+5,4727,4,1,1,4,0,1
fish1+3+4+5,4791,4,2,3,4,0,1
fish1+3+4+5,4856,4,1,2,4,0,1
fish1+3+4+5,4921,4,1,1,4,0,1
fish1+3+4+5,4986,4,2,5,4,0,1
fish1+3+4+5,5050,4,1,1,4,0,1
fish1+3+4+5,5115,4,3,3,4,0,1
fish1+3+4+5,5180,4,2,2,4,0,1
fish1+3+4+5,5245,4,2,2,4,0,1
fish1+3+4+5,5310,4,1,1,4,0,1
fish1+3+4+5,5374,4,2,1,4,0,1
fish1+3+4+5,5439,4,1,1,4,0,1
fish1+3+4+5,5504,4,2,3,4,0,1
fish1+3+4+5,5569,4,1,2,4,0,1
fish1+3+4+5,5633,4,2,1,4,0,1
fish1+3+4+5,5698,4,2,4,4,0,1
fish1+3+4+5,5828,4,1,1,4,0,1
fish1+3+4+5,5892,4,2,2,4,0,1
fish1+3+4+5,5957,4,2,2,4,0,1
fish1+3+4+5,6022,4,6,6,4,0,1
fish1+3+4+5,6087,4,13,13,4,0,1
fish1+3+4+5,6151,4,5,5,4,0,1
fish1+3+4+5,6216,4,17,17,4,0,1
fish1+3+4+5,6281,4,16,15,4,0,1
fish1+3+4+5,6346,4,12,13,4,0,1
fish1+3+4+5,6475,4,2,3,4,0,1
fish1+3+4+5,6540,4,12,12,4,0,1
fish1+3+4+5,6605,4,3,2,4,0,1
fish1+3+4+5,6669,4,2,2,4,0,1
fish1+3+4+5,6864,4,3,6,4,0,1
fish1+3+4+5,6928,4,2,6,4,0,1
fish1+3+4+5,6993,4,2,4,4,0,1
fish1+3+4+5,7058,4,3,3,4,0,1
fish1+3+4+5,7123,4,1,1,4,0,1
fish1+3+4+5,7187,4,2,2,4,0,1
fish1+3+4+5,7252,4,5,5,4,0,1
fish1+3+4+5,7317,4,1,1,4,0,1
fish1+3+4+5,7382,4,0,0,4,0,1
fish1+3+4+5,7446,4,1,1,4,0,1
fish1+3+4+5,7511,4,2,2,4,0,1
fish1+3+4+5,7576,4,1,1,4,0,1
fish1+3+4+5,7641,4,3,2,4,0,1
fish1+3+4+5,7706,4,2,2,4,0,1
fish1+3+4+5+15,0,5,3,3,5,0,1
fish1+3+4+5+15,38,5,3,3,5,0,1
fish1+3+4+5+15,77,5,2,4,5,0,1
fish1+3+4+5+15,115,5,3,3,5,0,1
fish1+3+4+5+15,154,5,4,5,5,0,1
fish1+3+4+5+15,193,5,2,4,5,0,1
fish1+3+4+5+15,231,5,2,3,5,0,1
fish1+3+4+5+15,270,5,2,3,5,0,1
fish1+3+4+5+15,309,5,2,4,5,0,1
fish1+3+4+5+15,347,5,2,3,5,0,1
fish1+3+4+5+15,386,5,4,4,5,0,1
fish1+3+4+5+15,425,5,4,5,5,0,1
fish1+3+4+5+15,463,5,6,6,5,0,1
fish1+3+4+5+15,502,5,6,6,5,0,1
fish1+3+4+5+15,540,5,4,4,5,0,1
fish1+3+4+5+15,579,5,2,2,5,0,1
fish1+3+4+5+15,618,5,2,2,5,0,1
fish1+3+4+5+15,656,5,3,5,5,0,1
fish1+3+4+5+15,695,5,2,2,5,0,1
fish1+3+4+5+15,772,5,6,10,5,0,1
fish1+3+4+5+15,850,5,9,9,5,0,1
fish1+3+4+5+15,888,5,2,4,5,0,1
fish1+3+4+5+15,927,5,2,2,5,0,1
fish1+3+4+5+15,965,5,6,6,5,0,1
fish1+3+4+5+15,1043,5,8,8,5,0,1
fish1+3+4+5+15,1081,5,4,4,5,0,1
fish1+3+4+5+15,1120,5,6,6,5,0,1
fish1+3+4+5+15,1159,5,2,3,5,0,1
fish1+3+4+5+15,1197,5,3,3,5,0,1
fish1+3+4+5+15,1236,5,3,3,5,0,1
fish1+3+4+5+15,1275,5,3,5,5,0,1
fish1+3+4+5+15,1313,5,3,3,5,0,1
fish1+3+4+5+15,1352,5,4,4,5,0,1
fish1+3+4+5+15,1390,5,3,3,5,0,1
fish1+3+4+5+15,1429,5,3,3,5,0,1
fish1+3+4+5+15,1468,5,0,0,5,0,1
fish1+3+4+5+15,1506,5,0,0,5,0,1
fish1+3+4+5+15,1545,5,1,1,5,0,1
fish1+3+4+5+15,1584,5,1,1,5,0,1
fish1+3+4+5+15,1622,5,3,5,5,0,1
fish1+3+4+5+15,1661,5,0,0,5,0,1
fish1+3+4+5+15,1700,5,0,0,5,0,1
fish1+3+4+5+15,1738,5,2,3,5,0,1
fish1+3+4+5+15,1777,5,3,6,5,0,1
fish1+3+4+5+15,1816,5,4,5,5,0,1
fish1+3+4+5+15,1854,5,3,6,5,0,1
fish1+3+4+5+15,1893,5,2,2,5,0,1
fish1+3+4+5+15,1931,5,2,2,5,0,1
fish1+3+4+5+15,1970,5,2,2,5,0,1
fish1+3+4+5+15,2009,5,2,3,5,0,1
fish1+3+4+5+15,2047,5,2,2,5,0,1
fish1+3+4+5+15,2086,5,2,2,5,0,1
fish1+3+4+5+15,2125,5,2,2,5,0,1
fish1+3+4+5+15,2163,5,2,2,5,0,1
fish1+3+4+5+15,2202,5,1,1,5,0,1
fish1+3+4+5+15,2241,5,0,0,5,0,1
fish1+3+4+5+15,2279,5,0,0,5,0,1
fish1+3+4+5+15,2318,5,2,2,5,0,1
fish1+3+4+5+15,2395,5,3,4,5,0,1
fish1+3+4+5+15,2434,5,3,4,5,0,1
fish1+3+4+5+15,2472,5,7,7,5,0,1
fish1+3+4+5+15,2511,5,2,2,5,0,1
fish1+3+4+5+15,2550,5,4,4,5,0,1
fish1+3+4+5+15,2627,5,1,1,5,0,1
fish1+3+4+5+15,2666,5,0,0,5,0,1
fish1+3+4+5+15,2704,5,2,4,5,0,1
fish1+3+4+5+15,2743,5,2,5,5,0,1
fish1+3+4+5+15,2781,5,4,3,5,0,1
fish1+3+4+5+15,2820,5,1,1,5,0,1
fish1+3+4+5+15,2897,5,4,9,5,0,1
fish1+3+4+5+15,2936,5,3,3,5,0,1
fish1+3+4+5+15,2975,5,4,4,5,0,1
fish1+3+4+5+15,3013,5,3,4,5,0,1
fish1+3+4+5+15,3052,5,0,0,5,0,1
fish1+3+4+5+15,3091,5,2,2,5,0,1
fish1+3+4+5+15,3129,5,0,0,5,0,1
fish1+3+4+5+15,3168,5,2,3,5,0,1
fish1+3+4+5+15,3207,5,2,3,5,0,1
fish1+3+4+5+15,3245,5,2,2,5,0,1
fish1+3+4+5+15,3284,5,2,2,5,0,1
fish1+3+4+5+15,3322,5,2,2,5,0,1
fish1+3+4+5+15,3361,5,2,2,5,0,1
fish1+3+4+5+15,3400,5,3,4,5,0,1
fish1+3+4+5+15,3438,5,1,1,5,0,1
fish1+3+4+5+15,3477,5,6,5,5,0,1
fish1+3+4+5+15,3554,5,3,4,5,0,1
fish1+3+4+5+15,3593,5,1,2,5,0,1
fish1+3+4+5+15,3632,5,8,12,5,0,1
fish1+3+4+5+15,3670,5,4,4,5,0,1
fish1+3+4+5+15,3709,5,3,3,5,0,1
fish1+3+4+5+15,3747,5,3,3,5,0,1
fish1+3+4+5+15,3786,5,3,3,5,0,1
fish1+3+4+5+15,3825,5,3,3,5,0,1
fish1+3+4+5+15,3863,5,2,2,5,0,1
fish1+3+4+5+15,3902,5,2,2,5,0,1
fish1+3+4+5+15,3941,5,2,2,5,0,1
fish1+3+4+5+15,3979,5,4,5,5,0,1
fish1+3+4+5+15,4018,5,3,4,5,0,1
fish1+3+4+5+15,4057,5,3,4,5,0,1
fish1+3+4+5+15,4095,5,2,2,5,0,1
fish1+3+4+5+15,4134,5,3,3,5,0,1
fish1+3+4+5+15,4172,5,3,4,5,0,1
fish1+3+4+5+15,4211,5,3,3,5,0,1
fish1+3+4+5+15,4250,5,2,2,5,0,1
fish1+3+4+5+15,4288,5,3,2,5,0,1
fish1+3+4+5+15,4327,5,2,2,5,0,1
fish1+3+4+5+15,4366,5,2,3,5,0,1
fish1+3+4+5+15,4404,5,1,0,5,0,1
fish1+3+4+5+15,4443,5,1,0,5,0,1
fish1+3+4+5+15,4482,5,1,1,5,0,1
fish1+3+4+5+15,4520,5,0,0,5,0,1
fish1+3+4+5+15,4559,5,3,3,5,0,1
fish1+3+4+5+15,4598,5,3,3,5,0,1
fish10,0,1,0,0,1,0,1
fish10,169,1,11,11,1,0,1
fish10,338,1,6,6,1,0,1
fish10,423,1,2,2,1,0,1
fish10,508,1,2,2,1,0,1
fish10,592,1,2,2,1,0,1
fish10,677,1,5,6,1,0,1
fish10,762,1,3,3,1,0,1
fish10,846,1,0,0,1,0,1
fish10,1016,1,2,2,1,0,1
fish10,1100,1,0,0,1,0,1
fish10,1185,1,2,2,1,0,1
fish10,1354,1,0,0,1,0,1
fish10,1439,1,0,0,1,0,1
fish10,1524,1,0,0,1,0,1
fish10,1778,1,0,0,1,0,1
fish10,1862,1,0,0,1,0,1
fish10,1947,1,0,0,1,0,1
fish10,2117,1,2,2,1,0,1
fish10,2201,1,2,2,1,0,1
fish10,2286,1,2,2,1,0,1
fish10,2371,1,0,0,1,0,1
fish10,2625,1,2,2,1,0,1
fish10,2709,1,2,2,1,0,1
fish10,3048,1,0,0,1,0,1
fish10,3133,1,2,2,1,0,1
fish10,3217,1,2,2,1,0,1
fish10,3302,1,2,2,1,0,1
fish10,3387,1,2,2,1,0,1
fish10,3471,1,2,3,1,0,1
fish10,4318,1,2,2,1,0,1
fish10,4403,1,2,2,1,0,1
fish10,4488,1,0,0,1,0,1
fish10,4742,1,0,0,1,0,1
fish10,4911,1,0,0,1,0,1
fish10,5165,1,0,0,1,0,1
fish10,5588,1,0,0,1,0,1
fish10,5842,1,2,2,1,0,1
fish10,5927,1,2,2,1,0,1
fish10,6012,1,2,2,1,0,1
fish10,6097,1,0,0,1,0,1
fish10,6605,1,0,0,1,0,1
fish10,6943,1,0,0,1,0,1
fish10,7197,1,0,0,1,0,1
fish10,7621,1,0,0,1,0,1
fish10,7790,1,3,4,1,0,1
fish10,7959,1,3,5,1,0,1
fish10,8129,1,0,0,1,0,1
fish10,8214,1,2,4,1,0,1
fish10,8468,1,2,2,1,0,1
fish10,8722,1,0,0,1,0,1
fish10,8806,1,0,0,1,0,1
fish10,8891,1,2,3,1,0,1
fish10,8976,1,0,0,1,0,1
fish10,9060,1,0,0,1,0,1
fish10,9230,1,0,0,1,0,1
fish10,9399,1,0,0,1,0,1
fish10,9484,1,0,0,1,0,1
fish10,9568,1,2,3,1,0,1
fish10,9822,1,0,0,1,0,1
fish10,9992,1,0,0,1,0,1
fish10,10077,1,0,0,1,0,1
fish11,0,1,0,0,1,0,1
fish11,64,1,8,8,1,0,1
fish11,129,1,0,0,1,0,1
fish11,259,1,0,0,1,0,1
fish11,324,1,7,9,1,0,1
fish11,388,1,4,5,1,0,1
fish11,453,1,2,2,1,0,1
fish11,972,1,2,2,1,0,1
fish11,1037,1,5,5,1,0,1
fish11,1101,1,2,2,1,0,1
fish11,1166,1,5,5,1,0,1
fish11,1685,1,2,1,1,0,1
fish11,1750,1,0,0,1,0,1
fish11,1879,1,4,4,1,0,1
fish11,1944,1,3,2,1,0,1
fish11,2009,1,2,2,1,0,1
fish11,2138,1,2,2,1,0,1
fish11,2203,1,2,4,1,0,1
fish11,2268,1,3,3,1,0,1
fish11,2462,1,2,2,1,0,1
fish11,2527,1,3,2,1,0,1
fish11,2592,1,2,5,1,0,1
fish11,2657,1,3,3,1,0,1
fish11,3111,1,5,5,1,0,1
fish11,3175,1,2,5,1,0,1
fish11,3564,1,4,6,1,0,1
fish11,3824,1,2,2,1,0,1
fish11,4018,1,2,1,1,0,1
fish11,4407,1,3,3,1,0,1
fish11,4666,1,3,5,1,0,1
fish11,4731,1,2,2,1,0,1
fish11,4796,1,3,2,1,0,1
fish11,4861,1,2,1,1,0,1
fish11,4990,1,2,1,1,0,1
fish11,5055,1,0,0,1,0,1
fish11,5703,1,0,0,1,0,1
fish11,5833,1,6,7,1,0,1
fish11,6027,1,0,0,1,0,1
fish11,6092,1,0,0,1,0,1
fish11,6157,1,0,0,1,0,1
fish11,6287,1,2,2,1,0,1
fish11,6351,1,3,3,1,0,1
fish11,6416,1,5,6,1,0,1
fish11,6481,1,3,4,1,0,1
fish11,7324,1,2,2,1,0,1
fish11,7388,1,0,0,1,0,1
fish12,0,1,10,10,1,0,1
fish12,32,1,8,9,1,0,1
fish12,65,1,2,2,1,0,1
fish12,98,1,2,2,1,0,1
fish12,131,1,2,2,1,0,1
fish12,164,1,6,6,1,0,1
fish12,197,1,6,6,1,0,1
fish12,262,1,4,4,1,0,1
fish12,295,1,22,22,1,0,1
fish12,328,1,12,12,1,0,1
fish12,361,1,5,5,1,0,1
fish12,394,1,2,2,1,0,1
fish12,591,1,2,2,1,0,1
fish12,657,1,2,2,1,0,1
fish12,723,1,2,2,1,0,1
fish12,887,1,2,0,1,0,1
fish12,953,1,0,0,1,0,1
fish12,986,1,7,7,1,0,1
fish12,1117,1,2,2,1,0,1
fish12,1150,1,3,3,1,0,1
fish12,1183,1,2,4,1,0,1
fish12,1216,1,3,2,1,0,1
fish12,1249,1,2,2,1,0,1
fish12,1314,1,3,3,1,0,1
fish12,1347,1,2,2,1,0,1
fish12,1380,1,2,2,1,0,1
fish12,1413,1,4,4,1,0,1
fish12,1446,1,3,3,1,0,1
fish12,1479,1,3,3,1,0,1
fish12,1512,1,2,2,1,0,1
fish12,1545,1,2,2,1,0,1
fish12,1577,1,2,2,1,0,1
fish12,1643,1,6,6,1,0,1
fish12,1676,1,2,3,1,0,1
fish12,1709,1,6,6,1,0,1
fish12,1742,1,3,3,1,0,1
fish12,1808,1,5,7,1,0,1
fish12,1840,1,0,0,1,0,1
fish12,1873,1,4,3,1,0,1
fish12,1906,1,7,7,1,0,1
fish12,1939,1,4,4,1,0,1
fish12,1972,1,3,4,1,0,1
fish12,2005,1,2,2,1,0,1
fish12,2038,1,2,2,1,0,1
fish12,2071,1,3,2,1,0,1
fish12,2169,1,3,2,1,0,1
fish12,2202,1,2,4,1,0,1
fish12,2235,1,2,2,1,0,1
fish12,2268,1,0,0,1,0,1
fish12,2301,1,0,0,1,0,1
fish12,2334,1,2,2,1,0,1
fish12,2366,1,0,0,1,0,1
fish12,2399,1,4,5,1,0,1
fish12,2465,1,3,3,1,0,1
fish12,2564,1,3,4,1,0,1
fish12,2662,1,3,3,1,0,1
fish12,2695,1,6,9,1,0,1
fish12,2728,1,2,2,1,0,1
fish12,2761,1,4,3,1,0,1
fish12,2794,1,7,7,1,0,1
fish12,2827,1,5,5,1,0,1
fish12,2860,1,5,6,1,0,1
fish12,2892,1,6,6,1,0,1
fish12,2925,1,4,4,1,0,1
fish12,2958,1,4,5,1,0,1
fish12,2991,1,2,2,1,0,1
fish12,3024,1,2,3,1,0,1
fish12,3057,1,4,4,1,0,1
fish12,3090,1,4,4,1,0,1
fish12,3221,1,3,3,1,0,1
fish12,3320,1,0,0,1,0,1
fish12,3353,1,3,5,1,0,1
fish12,3386,1,2,2,1,0,1
fish12,3418,1,4,4,1,0,1
fish13,0,1,0,0,1,0,1
fish13,40,1,0,0,1,0,1
fish13,201,1,2,2,1,0,1
fish13,241,1,2,2,1,0,1
fish13,281,1,2,2,1,0,1
fish13,321,1,2,2,1,0,1
fish13,563,1,0,0,1,0,1
fish13,603,1,0,0,1,0,1
fish13,683,1,0,0,1,0,1
fish13,965,1,0,0,1,0,1
fish13,1005,1,0,0,1,0,1
fish13,1609,1,0,0,1,0,1
fish13,2051,1,0,0,1,0,1
fish13,2091,1,0,0,1,0,1
fish13,2132,1,0,0,1,0,1
fish13,2172,1,0,0,1,0,1
fish13,2252,1,0,0,1,0,1
fish13,2292,1,0,0,1,0,1
fish13,2333,1,0,0,1,0,1
fish13,2413,1,0,0,1,0,1
fish13,2453,1,0,0,1,0,1
fish13,2494,1,0,0,1,0,1
fish13,2534,1,0,0,1,0,1
fish13,2654,1,0,0,1,0,1
fish13,2856,1,0,0,1,0,1
fish13,2976,1,0,0,1,0,1
fish13,3298,1,0,0,1,0,1
fish13,3338,1,0,0,1,0,1
fish13,3379,1,0,0,1,0,1
fish13,3539,1,0,0,1,0,1
fish13,3580,1,0,0,1,0,1
fish13,3660,1,0,0,1,0,1
fish13,3861,1,0,0,1,0,1
fish13,3902,1,0,0,1,0,1
fish13,3942,1,0,0,1,0,1
fish13,3982,1,0,0,1,0,1
fish13,4022,1,0,0,1,0,1
fish13,4103,1,0,0,1,0,1
fish13,4143,1,0,0,1,0,1
fish13,4183,1,0,0,1,0,1
fish13,4223,1,0,0,1,0,1
fish13,4264,1,0,0,1,0,1
fish13,4304,1,0,0,1,0,1
fish13,4344,1,0,0,1,0,1
fish13,4384,1,0,0,1,0,1
fish14,0,1,5,5,1,0,1
fish14,41,1,3,4,1,0,1
fish14,125,1,0,0,1,0,1
fish14,166,1,0,0,1,0,1
fish14,208,1,0,0,1,0,1
fish14,250,1,0,0,1,0,1
fish14,292,1,6,6,1,0,1
fish14,333,1,12,12,1,0,1
fish14,375,1,2,2,1,0,1
fish14,500,1,0,0,1,0,1
fish14,584,1,0,0,1,0,1
fish14,626,1,0,0,1,0,1
fish14,667,1,0,0,1,0,1
fish14,709,1,0,0,1,0,1
fish14,751,1,0,0,1,0,1
fish14,793,1,2,1,1,0,1
fish14,1377,1,0,0,1,0,1
fish14,1419,1,2,1,1,0,1
fish14,1461,1,0,0,1,0,1
fish14,1502,1,0,0,1,0,1
fish14,1544,1,0,0,1,0,1
fish14,1586,1,0,0,1,0,1
fish14,1753,1,0,0,1,0,1
fish14,1795,1,0,0,1,0,1
fish14,2296,1,0,0,1,0,1
fish14,2337,1,0,0,1,0,1
fish14,2379,1,2,4,1,0,1
fish14,2421,1,3,3,1,0,1
fish14,2463,1,2,4,1,0,1
fish14,2546,1,0,0,1,0,1
fish14,2588,1,0,0,1,0,1
fish14,2630,1,2,3,1,0,1
fish14,2713,1,2,2,1,0,1
fish14,2755,1,3,3,1,0,1
fish14,2797,1,4,4,1,0,1
fish14,2838,1,2,2,1,0,1
fish14,3172,1,0,0,1,0,1
fish14,3256,1,0,0,1,0,1
fish14,3298,1,2,2,1,0,1
fish14,3339,1,3,4,1,0,1
fish14,3381,1,0,0,1,0,1
fish14,3423,1,3,3,1,0,1
fish14,3506,1,5,6,1,0,1
fish14,3548,1,2,2,1,0,1
fish14,4091,1,2,1,1,0,1
fish14,4216,1,0,0,1,0,1
fish14,4383,1,0,0,1,0,1
fish14,4425,1,0,0,1,0,1
fish14,4508,1,0,0,1,0,1
fish14,4550,1,0,0,1,0,1
fish14,4634,1,0,0,1,0,1
fish14,4801,1,0,0,1,0,1
fish14,4842,1,0,0,1,0,1
fish14,4884,1,0,0,1,0,1
fish14,4926,1,0,0,1,0,1
fish14,4968,1,0,0,1,0,1
fish15,0,1,0,0,1,0,1
fish15,57,1,2,3,1,0,1
fish15,114,1,8,8,1,0,1
fish15,171,1,3,3,1,0,1
fish15,228,1,2,2,1,0,1
fish15,285,1,2,2,1,0,1
fish15,342,1,3,3,1,0,1
fish15,457,1,4,7,1,0,1
fish15,514,1,0,0,1,0,1
fish15,571,1,0,0,1,0,1
fish15,628,1,2,2,1,0,1
fish15,685,1,3,4,1,0,1
fish15,743,1,2,2,1,0,1
fish15,857,1,4,4,1,0,1
fish15,914,1,0,0,1,0,1
fish15,971,1,3,5,1,0,1
fish15,1028,1,0,0,1,0,1
fish15,1086,1,0,0,1,0,1
fish15,1143,1,0,0,1,0,1
fish15,1257,1,3,3,1,0,1
fish15,1314,1,3,3,1,0,1
fish15,1371,1,2,4,1,0,1
fish15,1428,1,0,0,1,0,1
fish15,1543,1,4,4,1,0,1
fish15,1600,1,3,4,1,0,1
fish15,1657,1,4,7,1,0,1
fish15,1714,1,4,5,1,0,1
fish15,1771,1,3,3,1,0,1
fish15,1886,1,4,3,1,0,1
fish15,2000,1,2,2,1,0,1
fish15,2057,1,3,3,1,0,1
fish15,2114,1,3,9,1,0,1
fish15,2172,1,2,1,1,0,1
fish15,2229,1,7,7,1,0,1
fish15,2686,1,0,0,1,0,1
fish15,2743,1,0,0,1,0,1
fish15,2857,1,0,0,1,0,1
fish15,2972,1,0,0,1,0,1
fish15,3658,1,0,0,1,0,1
fish15,3886,1,2,2,1,0,1
fish15,4115,1,0,0,1,0,1
fish15,4286,1,0,0,1,0,1
fish15,4344,1,0,0,1,0,1
fish15,4515,1,0,0,1,0,1
fish15,4687,1,0,0,1,0,1
fish15,4744,1,0,0,1,0,1
fish15,4801,1,0,0,1,0,1
fish15,4858,1,0,0,1,0,1
fish15,5144,1,2,3,1,0,1
fish15,5201,1,3,3,1,0,1
fish15,5315,1,4,3,1,0,1
fish15,5430,1,2,2,1,0,1
fish15,5601,1,0,0,1,0,1
fish15,5658,1,0,0,1,0,1
fish15,5715,1,2,5,1,0,1
fish15,5830,1,0,0,1,0,1
fish15,5944,1,0,0,1,0,1
fish15,6001,1,2,3,1,0,1
fish15,6058,1,5,5,1,0,1
fish15,6116,1,2,2,1,0,1
fish15,6173,1,0,0,1,0,1
fish15,6230,1,3,4,1,0,1
fish15,6287,1,2,3,1,0,1
fish15,6344,1,2,2,1,0,1
fish15,6401,1,2,2,1,0,1
fish15,6516,1,2,2,1,0,1
fish15,6573,1,2,2,1,0,1
fish15,6744,1,2,2,1,0,1
fish15,6802,1,0,0,1,0,1
fish2,0,1,0,0,1,0,1
fish2,599,1,0,0,1,0,1
fish2,749,1,2,1,1,0,1
fish2,824,1,2,2,1,0,1
fish2,899,1,2,2,1,0,1
fish2,974,1,0,0,1,0,1
fish2,1123,1,2,2,1,0,1
fish2,1198,1,3,3,1,0,1
fish2,1348,1,0,0,1,0,1
fish2,1423,1,0,0,1,0,1
fish2,2098,1,0,0,1,0,1
fish2,2173,1,0,0,1,0,1
fish2,2247,1,0,0,1,0,1
fish2,2322,1,0,0,1,0,1
fish2,2397,1,0,0,1,0,1
fish2,2472,1,0,0,1,0,1
fish2,2547,1,0,0,1,0,1
fish2,2622,1,0,0,1,0,1
fish2,2697,1,0,0,1,0,1
fish2,2772,1,0,0,1,0,1
fish2,2922,1,0,0,1,0,1
fish2,2997,1,0,0,1,0,1
fish2,3072,1,0,0,1,0,1
fish2,3147,1,0,0,1,0,1
fish2,3222,1,0,0,1,0,1
fish2,3297,1,0,0,1,0,1
fish2,3371,1,0,0,1,0,1
fish2,3446,1,0,0,1,0,1
fish2,3596,1,6,6,1,0,1
fish2,3671,1,2,2,1,0,1
fish2,3821,1,2,2,1,0,1
fish2,3971,1,2,3,1,0,1
fish2,4046,1,2,3,1,0,1
fish2,4196,1,2,4,1,0,1
fish2,4271,1,6,6,1,0,1
fish2,4421,1,0,0,1,0,1
fish2,4570,1,2,2,1,0,1
fish2,4645,1,3,3,1,0,1
fish2,4720,1,2,2,1,0,1
fish2,4870,1,4,4,1,0,1
fish2,4945,1,2,2,1,0,1
fish2,5020,1,3,2,1,0,1
fish2,5095,1,2,2,1,0,1
fish2,5170,1,2,2,1,0,1
fish2,5245,1,2,2,1,0,1
fish2,5470,1,2,2,1,0,1
fish2,5694,1,2,2,1,0,1
fish2,5994,1,2,2,1,0,1
fish2,6294,1,0,0,1,0,1
fish2,6444,1,2,3,1,0,1
fish2,6519,1,6,6,1,0,1
fish2,6594,1,0,0,1,0,1
fish2,6743,1,7,7,1,0,1
fish2,7043,1,2,1,1,0,1
fish2,7118,1,0,0,1,0,1
fish2,7193,1,0,0,1,0,1
fish2,7268,1,4,4,1,0,1
fish2,7343,1,2,1,1,0,1
fish2,7643,1,0,0,1,0,1
fish2,7718,1,2,3,1,0,1
fish2,7793,1,0,0,1,0,1
fish2,7867,1,0,0,1,0,1
fish2,7942,1,2,2,1,0,1
fish2,8092,1,0,0,1,0,1
fish2,8242,1,0,0,1,0,1
fish2,8392,1,3,3,1,0,1
fish2,8467,1,3,4,1,0,1
fish2,8617,1,4,5,1,0,1
fish2,8692,1,3,4,1,0,1
fish2,8767,1,3,4,1,0,1
fish2,8917,1,0,0,1,0,1
fish3,0,1,0,0,1,0,1
fish3,53,1,0,0,1,0,1
fish3,106,1,0,0,1,0,1
fish3,159,1,0,0,1,0,1
fish3,213,1,0,0,1,0,1
fish3,319,1,0,0,1,0,1
fish3,372,1,0,0,1,0,1
fish3,426,1,0,0,1,0,1
fish3,479,1,0,0,1,0,1
fish3,585,1,2,2,1,0,1
fish3,692,1,0,0,1,0,1
fish3,745,1,0,0,1,0,1
fish3,798,1,0,0,1,0,1
fish3,852,1,0,0,1,0,1
fish3,958,1,3,3,1,0,1
fish3,1065,1,0,0,1,0,1
fish3,1171,1,2,2,1,0,1
fish3,1224,1,0,0,1,0,1
fish3,1331,1,0,0,1,0,1
fish3,1438,1,2,2,1,0,1
fish3,1491,1,2,2,1,0,1
fish3,1544,1,0,0,1,0,1
fish3,1597,1,0,0,1,0,1
fish3,1651,1,0,0,1,0,1
fish3,1704,1,0,0,1,0,1
fish3,1810,1,2,2,1,0,1
fish3,1864,1,2,2,1,0,1
fish3,1917,1,2,3,1,0,1
fish3,1970,1,2,2,1,0,1
fish3,2077,1,2,1,1,0,1
fish3,2130,1,0,0,1,0,1
fish3,2183,1,0,0,1,0,1
fish3,2290,1,2,2,1,0,1
fish3,2343,1,3,3,1,0,1
fish3,2396,1,2,3,1,0,1
fish3,2449,1,3,3,1,0,1
fish3,2503,1,3,4,1,0,1
fish3,2556,1,3,3,1,0,1
fish3,2609,1,2,2,1,0,1
fish3,2663,1,2,2,1,0,1
fish3,2822,1,2,2,1,0,1
fish3,2876,1,0,0,1,0,1
fish3,2982,1,2,2,1,0,1
fish3,3089,1,0,0,1,0,1
fish3,3142,1,0,0,1,0,1
fish3,3302,1,2,2,1,0,1
fish3,3355,1,2,2,1,0,1
fish3,3461,1,2,2,1,0,1
fish3,3515,1,0,0,1,0,1
fish3,3568,1,0,0,1,0,1
fish3,3621,1,0,0,1,0,1
fish3,3674,1,0,0,1,0,1
fish3,3781,1,0,0,1,0,1
fish3,3834,1,0,0,1,0,1
fish3,3888,1,0,0,1,0,1
fish3,3941,1,0,0,1,0,1
fish3,3994,1,0,0,1,0,1
fish3,4047,1,0,0,1,0,1
fish3,4154,1,2,2,1,0,1
fish3,4207,1,2,3,1,0,1
fish3,4314,1,0,0,1,0,1
fish3,4473,1,0,0,1,0,1
fish3,4527,1,2,3,1,0,1
fish3,4580,1,2,3,1,0,1
fish3,4740,1,2,2,1,0,1
fish3,5166,1,2,2,1,0,1
fish3,5379,1,2,2,1,0,1
fish3,5432,1,2,2,1,0,1
fish3,6018,1,0,0,1,0,1
fish3,6071,1,0,0,1,0,1
fish3,6124,1,0,0,1,0,1
fish3,6178,1,0,0,1,0,1
fish3,6231,1,0,0,1,0,1
fish3,6284,1,0,0,1,0,1
fish3,6338,1,0,0,1,0,1
fish3+4,0,2,1,1,2,0,1
fish3+4,56,2,1,1,2,0,1
fish3+4,112,2,1,1,2,0,1
fish3+4,169,2,5,6,2,0,1
fish3+4,225,2,3,4,2,0,1
fish3+4,282,2,3,3,2,0,1
fish3+4,338,2,7,5,2,0,1
fish3+4,395,2,8,8,2,0,1
fish3+4,451,2,1,1,2,0,1
fish3+4,507,2,1,1,2,0,1
fish3+4,564,2,0,0,2,0,1
fish3+4,620,2,0,0,2,0,1
fish3+4,677,2,0,0,2,0,1
fish3+4,733,2,0,0,2,0,1
fish3+4,790,2,0,0,2,0,1
fish3+4,846,2,0,0,2,0,1
fish3+4,902,2,0,0,2,0,1
fish3+4,959,2,0,0,2,0,1
fish3+4,1015,2,0,0,2,0,1
fish3+4,1072,2,0,0,2,0,1
fish3+4,1128,2,0,0,2,0,1
fish3+4,1185,2,1,1,2,0,1
fish3+4,1241,2,1,1,2,0,1
fish3+4,1298,2,1,1,2,0,1
fish3+4,1410,2,1,2,2,0,1
fish3+4,1467,2,1,2,2,0,1
fish3+4,1523,2,1,2,2,0,1
fish3+4,1580,2,0,0,2,0,1
fish3+4,1636,2,0,0,2,0,1
fish3+4,1693,2,0,0,2,0,1
fish3+4,1749,2,0,0,2,0,1
fish3+4,1805,2,0,0,2,0,1
fish3+4,1862,2,0,0,2,0,1
fish3+4,1918,2,0,0,2,0,1
fish3+4,1975,2,0,0,2,0,1
fish3+4,2031,2,1,1,2,0,1
fish3+4,2088,2,1,1,2,0,1
fish3+4,2144,2,1,1,2,0,1
fish3+4,2201,2,1,1,2,0,1
fish3+4,2257,2,1,1,2,0,1
fish3+4,2313,2,1,1,2,0,1
fish3+4,2370,2,1,1,2,0,1
fish3+4,2426,2,1,1,2,0,1
fish3+4,2483,2,1,1,2,0,1
fish3+4,2539,2,1,1,2,0,1
fish3+4,2596,2,1,1,2,0,1
fish3+4,2652,2,1,1,2,0,1
fish3+4,2708,2,4,4,2,0,1
fish3+4,2821,2,4,5,2,0,1
fish3+4,2878,2,4,6,2,0,1
fish3+4,2934,2,0,0,2,0,1
fish3+4,2991,2,7,7,2,0,1
fish3+4,3047,2,4,4,2,0,1
fish3+4,3104,2,3,1,2,0,1
fish3+4,3216,2,3,3,2,0,1
fish3+4,3273,2,4,4,2,0,1
fish3+4,3329,2,4,5,2,0,1
fish3+4,3386,2,3,3,2,0,1
fish3+4,3442,2,3,3,2,0,1
fish3+4,3499,2,3,3,2,0,1
fish3+4,3555,2,4,4,2,0,1
fish3+4,3611,2,3,3,2,0,1
fish3+4,3668,2,3,3,2,0,1
fish3+4,3724,2,3,4,2,0,1
fish3+4,3781,2,4,4,2,0,1
fish3+4,3837,2,4,4,2,0,1
fish3+4,3894,2,3,3,2,0,1
fish3+4,3950,2,3,4,2,0,1
fish3+4,4007,2,3,3,2,0,1
fish3+4,4063,2,4,4,2,0,1
fish3+4,4119,2,3,3,2,0,1
fish3+4,4289,2,3,3,2,0,1
fish3+4,4345,2,1,1,2,0,1
fish3+4,4402,2,5,5,2,0,1
fish3+4,4458,2,4,4,2,0,1
fish3+4,4514,2,1,1,2,0,1
fish3+4,4571,2,4,5,2,0,1
fish3+4,4684,2,5,4,2,0,1
fish3+4,4853,2,3,3,2,0,1
fish3+4,4910,2,3,4,2,0,1
fish3+4,4966,2,3,3,2,0,1
fish3+4,5022,2,4,4,2,0,1
fish3+4,5079,2,12,12,2,0,1
fish3+4,5135,2,3,3,2,0,1
fish3+4,5192,2,5,5,2,0,1
fish3+4,5248,2,3,4,2,0,1
fish3+4,5305,2,5,6,2,0,1
fish3+4,5361,2,5,5,2,0,1
fish3+4,5474,2,1,1,2,0,1
fish3+4,5587,2,0,0,2,0,1
fish3+4,5643,2,1,1,2,0,1
fish3+4,5700,2,0,0,2,0,1
fish3+4,5756,2,0,0,2,0,1
fish3+4,5813,2,3,3,2,0,1
fish3+4,5869,2,3,4,2,0,1
fish3+4,5925,2,7,7,2,0,1
fish3+4,5982,2,4,4,2,0,1
fish3+4,6038,2,1,2,2,0,1
fish3+4,6095,2,1,1,2,0,1
fish3+4,6151,2,3,3,2,0,1
fish3+4,6208,2,5,4,2,0,1
fish3+4,6264,2,4,3,2,0,1
fish3+4,6320,2,1,1,2,0,1
fish3+4,6377,2,1,1,2,0,1
fish3+4,6490,2,1,1,2,0,1
fish3+4,6546,2,1,1,2,0,1
fish3+4,6603,2,1,1,2,0,1
fish3+4,6659,2,1,1,2,0,1
fish3+4,6716,2,1,1,2,0,1
fish4,0,1,2,2,1,0,1
fish4,73,1,10,10,1,0,1
fish4,147,1,2,2,1,0,1
fish4,295,1,2,2,1,0,1
fish4,442,1,2,2,1,0,1
fish4,590,1,2,3,1,0,1
fish4,738,1,2,2,1,0,1
fish4,812,1,2,2,1,0,1
fish4,959,1,0,0,1,0,1
fish4,1107,1,0,0,1,0,1
fish4,1181,1,0,0,1,0,1
fish4,3248,1,2,2,1,0,1
fish4,4207,1,2,3,1,0,1
fish4,4281,1,2,2,1,0,1
fish4,4503,1,0,0,1,0,1
fish4,4724,1,2,3,1,0,1
fish4,4798,1,2,2,1,0,1
fish4,5020,1,2,2,1,0,1
fish4,5093,1,0,0,1,0,1
fish4,5241,1,0,0,1,0,1
fish4,5315,1,0,0,1,0,1
fish4,5389,1,0,0,1,0,1
fish4,5462,1,0,0,1,0,1
fish4,5536,1,0,0,1,0,1
fish4,5610,1,0,0,1,0,1
fish4,5684,1,0,0,1,0,1
fish4,5758,1,0,0,1,0,1
fish4,5832,1,0,0,1,0,1
fish4,5905,1,0,0,1,0,1
fish4,5979,1,0,0,1,0,1
fish4,6053,1,0,0,1,0,1
fish4,6127,1,0,0,1,0,1
fish4,6201,1,0,0,1,0,1
fish4,6275,1,0,0,1,0,1
fish4,6348,1,0,0,1,0,1
fish4,6422,1,0,0,1,0,1
fish4,6496,1,0,0,1,0,1
fish4,6570,1,0,0,1,0,1
fish4,6644,1,0,0,1,0,1
fish4,6717,1,0,0,1,0,1
fish4,6791,1,0,0,1,0,1
fish4,6865,1,0,0,1,0,1
fish4,6939,1,0,0,1,0,1
fish4,7013,1,0,0,1,0,1
fish4,7087,1,0,0,1,0,1
fish4,7456,1,0,0,1,0,1
fish4,7530,1,0,0,1,0,1
fish4,7751,1,0,0,1,0,1
fish4,7825,1,2,0,1,0,1
fish4,7972,1,9,9,1,0,1
fish4,8046,1,3,2,1,0,1
fish4,8711,1,0,0,1,0,1
fish4,8785,1,0,0,1,0,1
fish5,0,1,3,3,1,0,1
fish5,101,1,3,3,1,0,1
fish5,202,1,3,2,1,0,1
fish5,303,1,2,2,1,0,1
fish5,404,1,2,2,1,0,1
fish5,505,1,3,3,1,0,1
fish5,606,1,3,3,1,0,1
fish5,707,1,2,2,1,0,1
fish5,909,1,2,3,1,0,1
fish5,1010,1,6,6,1,0,1
fish5,1111,1,3,3,1,0,1
fish5,1212,1,0,0,1,0,1
fish5,1313,1,3,3,1,0,1
fish5,1414,1,4,4,1,0,1
fish5,1515,1,2,2,1,0,1
fish5,1616,1,0,0,1,0,1
fish5,1717,1,4,4,1,0,1
fish5,1818,1,4,4,1,0,1
fish5,1919,1,3,3,1,0,1
fish5,2223,1,2,2,1,0,1
fish5,2324,1,3,3,1,0,1
fish5,2425,1,3,3,1,0,1
fish5,2526,1,3,3,1,0,1
fish5,2627,1,2,2,1,0,1
fish5,2728,1,3,3,1,0,1
fish5,2829,1,3,3,1,0,1
fish5,2930,1,3,3,1,0,1
fish5,3031,1,0,0,1,0,1
fish5,3233,1,2,2,1,0,1
fish5,3435,1,2,3,1,0,1
fish5,3536,1,0,0,1,0,1
fish5,3637,1,0,0,1,0,1
fish5,3738,1,0,0,1,0,1
fish5,3839,1,0,0,1,0,1
fish5,3940,1,0,0,1,0,1
fish5,4042,1,3,3,1,0,1
fish5,4143,1,4,3,1,0,1
fish5,4244,1,0,0,1,0,1
fish5,4345,1,2,1,1,0,1
fish5,4749,1,0,0,1,0,1
fish5,4850,1,3,4,1,0,1
fish5,4951,1,0,0,1,0,1
fish5,5052,1,0,0,1,0,1
fish5,5153,1,0,0,1,0,1
fish5,5355,1,4,3,1,0,1
fish5,5759,1,6,6,1,0,1
fish5,5860,1,4,4,1,0,1
fish5,5961,1,2,0,1,0,1
fish5,6063,1,3,4,1,0,1
fish5,6164,1,3,4,1,0,1
fish5,6265,1,2,2,1,0,1
fish5,6467,1,4,7,1,0,1
fish5,6568,1,0,0,1,0,1
fish5,6669,1,0,0,1,0,1
fish5,6871,1,0,0,1,0,1
fish5,6972,1,0,0,1,0,1
fish5,7275,1,0,0,1,0,1
fish5,7376,1,0,0,1,0,1
fish5,7477,1,0,0,1,0,1
fish5,7679,1,0,0,1,0,1
fish5,7780,1,0,0,1,0,1
fish5,7881,1,3,2,1,0,1
fish5,8488,1,2,2,1,0,1
fish5,8589,1,2,2,1,0,1
fish5,8690,1,0,0,1,0,1
fish5,8791,1,3,4,1,0,1
fish5,10206,1,0,0,1,0,1
fish5,10307,1,0,0,1,0,1
fish5,10408,1,3,3,1,0,1
fish5,10509,1,4,4,1,0,1
fish5,10610,1,2,2,1,0,1
fish5,10812,1,0,0,1,0,1
fish5,10913,1,0,0,1,0,1
fish5,11014,1,0,0,1,0,1
fish5,11519,1,0,0,1,0,1
fish5,11822,1,0,0,1,0,1
fish6,0,1,12,12,1,0,1
fish6,832,1,0,0,1,0,1
fish6,1059,1,0,0,1,0,1
fish6,1134,1,0,0,1,0,1
fish6,1513,1,0,0,1,0,1
fish6,2420,1,0,0,1,0,1
fish6,2496,1,0,0,1,0,1
fish6,2799,1,0,0,1,0,1
fish6,2874,1,0,0,1,0,1
fish6,3707,1,0,0,1,0,1
fish6,3782,1,0,0,1,0,1
fish6,3858,1,2,1,1,0,1
fish6,4009,1,0,0,1,0,1
fish6,4085,1,0,0,1,0,1
fish6,4161,1,0,0,1,0,1
fish6,5068,1,2,2,1,0,1
fish6,5295,1,3,3,1,0,1
fish6,5447,1,3,5,1,0,1
fish6,5598,1,2,2,1,0,1
fish6,6657,1,0,0,1,0,1
fish6,6733,1,0,0,1,0,1
fish6,7111,1,4,2,1,0,1
fish6,7187,1,3,3,1,0,1
fish6,7262,1,2,2,1,0,1
fish6,7338,1,3,5,1,0,1
fish6,7414,1,4,4,1,0,1
fish6,7565,1,2,2,1,0,1
fish6,7868,1,4,5,1,0,1
fish6,8019,1,7,6,1,0,1
fish6,8095,1,0,0,1,0,1
fish6,8246,1,0,0,1,0,1
fish6,8322,1,0,0,1,0,1
fish6,8397,1,0,0,1,0,1
fish6,8473,1,6,11,1,0,1
fish6,8549,1,10,10,1,0,1
fish6,8624,1,7,8,1,0,1
fish6,8851,1,2,2,1,0,1
fish6,9003,1,3,3,1,0,1
fish7,0,1,0,0,1,0,1
fish7,123,1,7,11,1,0,1
fish7,247,1,9,10,1,0,1
fish7,309,1,2,4,1,0,1
fish7,1174,1,0,0,1,0,1
fish7,1236,1,0,0,1,0,1
fish7,1298,1,0,0,1,0,1
fish7,1360,1,0,0,1,0,1
fish7,1484,1,0,0,1,0,1
fish7,1546,1,0,0,1,0,1
fish7,1607,1,0,0,1,0,1
fish7,1731,1,0,0,1,0,1
fish7,2102,1,0,0,1,0,1
fish7,2164,1,0,0,1,0,1
fish7,2226,1,0,0,1,0,1
fish7,2535,1,0,0,1,0,1
fish7,2597,1,0,0,1,0,1
fish7,2659,1,0,0,1,0,1
fish7,2782,1,0,0,1,0,1
fish7,3463,1,0,0,1,0,1
fish7,3524,1,0,0,1,0,1
fish7,3586,1,0,0,1,0,1
fish7,4266,1,0,0,1,0,1
fish7,4328,1,0,0,1,0,1
fish7,4576,1,0,0,1,0,1
fish7,4638,1,0,0,1,0,1
fish7,5070,1,0,0,1,0,1
fish7,5441,1,0,0,1,0,1
fish7,5503,1,0,0,1,0,1
fish7,5565,1,0,0,1,0,1
fish7,6122,1,0,0,1,0,1
fish7,6184,1,0,0,1,0,1
fish7,6245,1,0,0,1,0,1
fish7,6307,1,0,0,1,0,1
fish7,6369,1,0,0,1,0,1
fish7,6431,1,0,0,1,0,1
fish7,6493,1,0,0,1,0,1
fish7,6555,1,0,0,1,0,1
fish7,6616,1,0,0,1,0,1
fish7,6678,1,0,0,1,0,1
fish7,6740,1,2,2,1,0,1
fish7,6802,1,2,1,1,0,1
fish7,6864,1,6,6,1,0,1
fish7,6987,1,2,2,1,0,1
fish7,7049,1,0,0,1,0,1
fish7,7111,1,0,0,1,0,1
fish7,7173,1,0,0,1,0,1
fish7,7235,1,4,5,1,0,1
fish7,7297,1,4,5,1,0,1
fish8,0,1,5,8,1,0,1
fish8,62,1,2,3,1,0,1
fish8,125,1,3,3,1,0,1
fish8,188,1,3,3,1,0,1
fish8,628,1,2,2,1,0,1
fish8,691,1,0,0,1,0,1
fish8,880,1,0,0,1,0,1
fish8,942,1,2,1,1,0,1
fish8,1005,1,0,0,1,0,1
fish8,1068,1,0,0,1,0,1
fish8,1131,1,0,0,1,0,1
fish8,1194,1,0,0,1,0,1
fish8,1508,1,2,1,1,0,1
fish8,2702,1,2,2,1,0,1
fish8,2954,1,2,2,1,0,1
fish8,3080,1,2,2,1,0,1
fish8,3268,1,2,2,1,0,1
fish8,3457,1,2,2,1,0,1
fish8,3645,1,6,8,1,0,1
fish8,3708,1,0,0,1,0,1
fish8,3771,1,2,2,1,0,1
fish8,3897,1,0,0,1,0,1
fish8,4148,1,2,2,1,0,1
fish8,4588,1,2,2,1,0,1
fish8,4651,1,2,2,1,0,1
fish8,4714,1,2,2,1,0,1
fish8,4777,1,2,2,1,0,1
fish8,4840,1,2,2,1,0,1
fish8,4902,1,2,2,1,0,1
fish8,4965,1,2,2,1,0,1
fish8,5028,1,2,2,1,0,1
fish8,5594,1,3,3,1,0,1
fish8,5782,1,0,0,1,0,1
fish8,7040,1,2,2,1,0,1
fish8,7165,1,2,1,1,0,1
fish8,7228,1,2,2,1,0,1
fish8,7291,1,2,2,1,0,1
fish8,7354,1,2,2,1,0,1
fish8,7417,1,0,0,1,0,1
fish8,7480,1,0,0,1,0,1
fish9,0,1,0,0,1,0,1
fish9,101,1,2,2,1,0,1
fish9,151,1,0,0,1,0,1
fish9,252,1,11,11,1,0,1
fish9,303,1,2,3,1,0,1
fish9,606,1,2,2,1,0,1
fish9,1010,1,2,2,1,0,1
fish9,1212,1,2,2,1,0,1
fish9,1262,1,2,2,1,0,1
fish9,2020,1,3,2,1,0,1
fish9,2121,1,3,4,1,0,1
fish9,2172,1,2,2,1,0,1
fish9,2323,1,0,0,1,0,1
fish9,2374,1,0,0,1,0,1
fish9,2424,1,0,0,1,0,1
fish9,2475,1,0,0,1,0,1
fish9,2576,1,2,2,1,0,1
fish9,2626,1,2,2,1,0,1
fish9,2677,1,3,3,1,0,1
fish9,2727,1,0,0,1,0,1
fish9,2778,1,2,2,1,0,1
fish9,2828,1,3,4,1,0,1
fish9,2879,1,2,3,1,0,1
fish9,2929,1,3,3,1,0,1
fish9,2980,1,0,0,1,0,1
fish9,3081,1,3,3,1,0,1
fish9,3131,1,2,3,1,0,1
fish9,3182,1,2,2,1,0,1
fish9,3232,1,2,2,1,0,1
fish9,3333,1,2,2,1,0,1
fish9,3384,1,2,2,1,0,1
fish9,3434,1,2,2,1,0,1
fish9,3535,1,0,0,1,0,1
fish9,4192,1,2,2,1,0,1
fish9,4243,1,2,3,1,0,1
fish9,4495,1,5,5,1,0,1
fish9,4546,1,8,8,1,0,1
fish9,4647,1,0,0,1,0,1
fish9,4697,1,0,0,1,0,1
fish9,4748,1,0,0,1,0,1
fish9,4798,1,4,6,1,0,1
fish9,4849,1,3,3,1,0,1
fish9,4899,1,0,0,1,0,1
fish9,5000,1,3,5,1,0,1
fish9,5051,1,3,3,1,0,1
fish9,5253,1,3,6,1,0,1
fish9,5303,1,3,7,1,0,1
fish9,5354,1,2,2,1,0,1
fish9,5404,1,2,5,1,0,1
fish9,5455,1,3,5,1,0,1
fish9,5505,1,0,0,1,0,1
fish9,5556,1,0,0,1,0,1
fish9,5606,1,4,4,1,0,1
fish9,5707,1,2,4,1,0,1
fish9,5758,1,3,3,1,0,1
fish9,5859,1,2,2,1,0,1
fish9,5909,1,2,2,1,0,1
fish9,5960,1,2,2,1,0,1
fish9,6011,1,2,2,1,0,1
