FishID,FrameIndex,BaseMaskPixels,ImprovedMaskPixels,RemovedReflectionPixels,ReflectionRemovedRatio,ComponentsBefore,ComponentsAfter,SplitCountAfter
fish01,0,2197,2197,0,0.0,1,1,1
fish01,42,2147,2147,0,0.0,1,1,1
fish01,84,2138,2138,0,0.0,1,1,1
fish01,126,2665,2665,0,0.0,1,1,1
fish01,168,2789,2789,0,0.0,1,1,1
fish01,210,2294,2294,0,0.0,1,1,1
fish01,252,2504,2504,0,0.0,1,1,1
fish01,294,2566,2566,0,0.0,1,1,1
fish01,336,0,0,0,0.0,0,0,0
fish01,378,2120,2120,0,0.0,1,1,1
fish01,420,1703,1703,0,0.0,1,1,1
fish01,462,2559,2559,0,0.0,2,2,2
fish01,504,2697,2697,0,0.0,2,2,2
fish01,546,2675,2675,0,0.0,2,2,1
fish01,588,297,297,0,0.0,1,1,1
fish01,630,0,0,0,0.0,0,0,0
fish01,672,246,246,0,0.0,1,1,1
fish01,715,355,355,0,0.0,1,1,1
fish01,757,430,430,0,0.0,1,1,1
fish01,799,0,0,0,0.0,0,0,0
fish01,841,0,0,0,0.0,0,0,0
fish01,883,0,0,0,0.0,0,0,0
fish01,925,1893,1893,0,0.0,1,1,1
fish01,967,1975,1975,0,0.0,1,1,1
fish01,1009,1737,1737,0,0.0,1,1,1
fish01,1051,1757,1757,0,0.0,1,1,1
fish01,1093,2335,2335,0,0.0,1,1,1
fish01,1135,2222,2222,0,0.0,1,1,1
fish01,1177,1917,1917,0,0.0,1,1,1
fish01,1219,3929,3929,0,0.0,2,2,1
fish01,1261,5334,5334,0,0.0,2,2,3
fish01,1303,2897,2897,0,0.0,1,1,1
fish01,1345,2642,2642,0,0.0,1,1,1
fish01,1387,2384,2384,0,0.0,1,1,1
fish01,1430,2362,2362,0,0.0,1,1,1
fish01,1472,0,0,0,0.0,0,0,0
fish01,1514,0,0,0,0.0,0,0,0
fish01,1556,0,0,0,0.0,0,0,0
fish01,1598,0,0,0,0.0,0,0,0
fish01,1640,1703,1703,0,0.0,1,1,1
fish01,1682,1761,1761,0,0.0,1,1,1
fish01,1724,1449,1449,0,0.0,1,1,2
fish01,1766,1585,1585,0,0.0,1,1,1
fish01,1808,1709,1709,0,0.0,1,1,2
fish01,1850,0,0,0,0.0,0,0,0
fish01,1892,0,0,0,0.0,0,0,0
fish01,1934,0,0,0,0.0,0,0,0
fish01,1976,0,0,0,0.0,0,0,0
fish01,2018,0,0,0,0.0,0,0,0
fish01,2060,0,0,0,0.0,0,0,0
fish01,2102,0,0,0,0.0,0,0,0
fish01,2145,3368,0,0,0.0,1,0,0
fish01,2187,2088,2088,0,0.0,1,1,1
fish01,2229,3601,3601,0,0.0,2,2,2
fish01,2271,1258,1258,0,0.0,3,3,5
fish01,2313,1407,1407,0,0.0,1,1,1
fish01,2355,1399,1399,0,0.0,1,1,1
fish01,2397,1869,1869,0,0.0,1,1,1
fish01,2439,2042,2042,0,0.0,1,1,1
fish01,2481,2119,2119,0,0.0,1,1,1
fish01,2523,1872,1872,0,0.0,1,1,1
fish01,2565,1798,1798,0,0.0,1,1,1
fish01,2607,1858,1858,0,0.0,1,1,1
fish01,2649,1451,1451,0,0.0,1,1,2
fish01,2691,1473,1473,0,0.0,1,1,2
fish01,2733,1521,1521,0,0.0,1,1,2
fish01,2775,1560,0,0,0.0,1,0,0
fish01,2817,1684,1684,0,0.0,1,1,2
fish01,2860,1939,1939,0,0.0,1,1,2
fish01,2902,0,0,0,0.0,0,0,0
fish01,2944,2127,2127,0,0.0,1,1,2
fish01,2986,2090,2090,0,0.0,1,1,1
fish01,3028,1416,1416,0,0.0,2,2,3
fish01,3070,1611,1611,0,0.0,1,1,1
fish01,3112,1597,1597,0,0.0,1,1,2
fish01,3154,1936,1936,0,0.0,1,1,3
fish01,3196,0,0,0,0.0,0,0,0
fish01,3238,3851,3851,0,0.0,3,3,3
fish01,3280,3594,3594,0,0.0,3,3,3
fish01,3322,3767,3767,0,0.0,2,2,2
fish01,3364,2520,2520,0,0.0,1,1,1
fish01,3406,1194,1194,0,0.0,1,1,1
fish01,3448,1673,1673,0,0.0,1,1,1
fish01,3490,1866,1866,0,0.0,1,1,2
fish01,3532,1982,1982,0,0.0,1,1,1
fish01,3575,1992,1992,0,0.0,1,1,1
fish01,3617,1904,1904,0,0.0,1,1,1
fish01,3659,1847,1847,0,0.0,1,1,2
fish01,3701,1778,1778,0,0.0,1,1,1
fish01,3743,1523,1523,0,0.0,1,1,2
fish01,3785,1377,1377,0,0.0,1,1,1
fish01,3827,1448,1448,0,0.0,1,1,2
fish01,3869,1448,1448,0,0.0,1,1,1
fish01,3911,0,0,0,0.0,0,0,0
fish01,3953,0,0,0,0.0,0,0,0
fish01,3995,0,0,0,0.0,0,0,0
fish01,4037,1397,1397,0,0.0,1,1,1
fish01,4079,1259,1259,0,0.0,1,1,1
fish01,4121,0,0,0,0.0,0,0,0
fish01,4163,0,0,0,0.0,0,0,0
fish01,4205,0,0,0,0.0,0,0,0
fish01,4247,3607,3607,0,0.0,3,3,1
fish01,4290,1652,1652,0,0.0,1,1,1
fish01,4332,3067,3067,0,0.0,2,2,1
fish01,4374,2266,2266,0,0.0,1,1,1
fish01,4416,4014,2940,1074,0.26756352765321373,2,2,1
fish01,4458,0,0,0,0.0,0,0,0
fish01,4500,1262,1262,0,0.0,1,1,1
fish01,4542,2281,2281,0,0.0,2,2,3
fish01,4584,0,0,0,0.0,0,0,0
fish01,4626,0,0,0,0.0,0,0,0
fish01,4668,0,0,0,0.0,0,0,0
fish01,4710,0,0,0,0.0,0,0,0
fish01,4752,0,0,0,0.0,0,0,0
fish01,4794,4889,0,0,0.0,1,0,0
fish01,4836,0,0,0,0.0,0,0,0
fish01,4878,0,0,0,0.0,0,0,0
fish01,4920,2572,2572,0,0.0,2,2,2
fish01,4962,635,635,0,0.0,1,1,1
fish01,5005,0,0,0,0.0,0,0,0
fish1+3+4+5,0,817,817,0,0.0,3,3,4
fish1+3+4+5,64,3047,3047,0,0.0,4,4,4
fish1+3+4+5,129,254,254,0,0.0,1,1,1
fish1+3+4+5,194,6561,270,0,0.0,2,1,1
fish1+3+4+5,259,5925,5925,0,0.0,4,4,6
fish1+3+4+5,323,267,267,0,0.0,1,1,1
fish1+3+4+5,388,4358,4358,0,0.0,2,2,2
fish1+3+4+5,453,1817,1817,0,0.0,3,3,3
fish1+3+4+5,518,1276,1276,0,0.0,2,2,2
fish1+3+4+5,582,1355,1355,0,0.0,2,2,2
fish1+3+4+5,647,2127,2127,0,0.0,2,2,4
fish1+3+4+5,712,3521,3521,0,0.0,3,3,4
fish1+3+4+5,777,3778,3778,0,0.0,3,3,3
fish1+3+4+5,841,258,258,0,0.0,1,1,1
fish1+3+4+5,906,257,257,0,0.0,1,1,1
fish1+3+4+5,971,269,269,0,0.0,1,1,1
fish1+3+4+5,1036,2982,2982,0,0.0,3,3,3
fish1+3+4+5,1100,5433,5433,0,0.0,5,5,5
fish1+3+4+5,1165,7807,7807,0,0.0,5,5,6
fish1+3+4+5,1230,2365,2365,0,0.0,2,2,1
fish1+3+4+5,1295,2042,2042,0,0.0,3,3,2
fish1+3+4+5,1359,3252,3252,0,0.0,2,2,1
fish1+3+4+5,1424,3587,3587,0,0.0,5,5,5
fish1+3+4+5,1489,2022,2022,0,0.0,4,4,5
fish1+3+4+5,1554,259,259,0,0.0,1,1,1
fish1+3+4+5,1618,263,263,0,0.0,1,1,1
fish1+3+4+5,1683,3915,3915,0,0.0,4,4,4
fish1+3+4+5,1748,1486,1486,0,0.0,2,2,2
fish1+3+4+5,1813,254,254,0,0.0,1,1,1
fish1+3+4+5,1877,731,731,0,0.0,2,2,2
fish1+3+4+5,1942,259,259,0,0.0,1,1,1
fish1+3+4+5,2007,258,258,0,0.0,1,1,1
fish1+3+4+5,2072,4022,3731,0,0.0,4,3,3
fish1+3+4+5,2136,4314,4314,0,0.0,5,5,6
fish1+3+4+5,2201,4314,4314,0,0.0,5,5,7
fish1+3+4+5,2266,3579,3579,0,0.0,4,4,5
fish1+3+4+5,2331,1419,1419,0,0.0,4,4,5
fish1+3+4+5,2395,2759,2759,0,0.0,3,3,3
fish1+3+4+5,2460,3216,3216,0,0.0,4,4,4
fish1+3+4+5,2525,0,0,0,0.0,0,0,0
fish1+3+4+5,2590,799,799,0,0.0,2,2,4
fish1+3+4+5,2655,3869,275,0,0.0,3,1,1
fish1+3+4+5,2719,1800,1800,0,0.0,3,3,1
fish1+3+4+5,2784,1230,1230,0,0.0,2,2,2
fish1+3+4+5,2849,1353,1353,0,0.0,2,2,2
fish1+3+4+5,2914,4293,4293,0,0.0,3,3,4
fish1+3+4+5,2978,5554,5554,0,0.0,4,4,4
fish1+3+4+5,3043,2632,2632,0,0.0,2,2,2
fish1+3+4+5,3108,3321,3321,0,0.0,4,4,4
fish1+3+4+5,3173,2660,2660,0,0.0,2,2,2
fish1+3+4+5,3237,2362,2362,0,0.0,3,3,4
fish1+3+4+5,3302,2317,2317,0,0.0,1,1,2
fish1+3+4+5,3367,0,0,0,0.0,0,0,0
fish1+3+4+5,3432,0,0,0,0.0,0,0,0
fish1+3+4+5,3496,2379,2379,0,0.0,2,2,2
fish1+3+4+5,3561,0,0,0,0.0,0,0,0
fish1+3+4+5,3626,3160,1908,1252,0.3962025316455696,4,3,5
fish1+3+4+5,3691,5620,5620,0,0.0,5,5,3
fish1+3+4+5,3755,2117,2117,0,0.0,1,1,2
fish1+3+4+5,3820,3380,3048,0,0.0,4,3,2
fish1+3+4+5,3885,1525,1525,0,0.0,1,1,1
fish1+3+4+5,3950,5946,1051,0,0.0,3,2,2
fish1+3+4+5,4014,1319,1319,0,0.0,1,1,1
fish1+3+4+5,4079,4069,4069,0,0.0,6,6,7
fish1+3+4+5,4144,2256,2256,0,0.0,5,5,8
fish1+3+4+5,4209,736,736,0,0.0,1,1,1
fish1+3+4+5,4273,3480,3480,0,0.0,3,3,2
fish1+3+4+5,4338,3415,1986,0,0.0,3,2,1
fish1+3+4+5,4403,332,332,0,0.0,1,1,1
fish1+3+4+5,4468,2951,2666,0,0.0,3,2,1
fish1+3+4+5,4532,5714,5714,0,0.0,4,4,4
fish1+3+4+5,4597,4298,4298,0,0.0,3,3,2
fish1+3+4+5,4662,1575,1575,0,0.0,1,1,1
fish1+3+4+5,4727,3027,3027,0,0.0,1,1,1
fish1+3+4+5,4791,5736,5736,0,0.0,2,2,3
fish1+3+4+5,4856,2959,2959,0,0.0,1,1,2
fish1+3+4+5,4921,3086,3086,0,0.0,1,1,1
fish1+3+4+5,4986,9190,9190,0,0.0,2,2,5
fish1+3+4+5,5050,1866,1866,0,0.0,1,1,1
fish1+3+4+5,5115,7102,7102,0,0.0,3,3,3
fish1+3+4+5,5180,2466,2466,0,0.0,2,2,2
fish1+3+4+5,5245,4377,4377,0,0.0,2,2,2
fish1+3+4+5,5310,1230,1230,0,0.0,1,1,1
fish1+3+4+5,5374,847,391,456,0.538370720188902,2,1,1
fish1+3+4+5,5439,1224,1224,0,0.0,1,1,1
fish1+3+4+5,5504,680,680,0,0.0,2,2,3
fish1+3+4+5,5569,722,722,0,0.0,1,1,2
fish1+3+4+5,5633,2065,456,0,0.0,2,1,1
fish1+3+4+5,5698,10307,4513,0,0.0,2,1,4
fish1+3+4+5,5763,4528,1122,0,0.0,4,2,2
fish1+3+4+5,5828,2044,2044,0,0.0,1,1,1
fish1+3+4+5,5892,2102,2102,0,0.0,2,2,2
fish1+3+4+5,5957,3115,3115,0,0.0,2,2,2
fish1+3+4+5,6022,8178,8178,0,0.0,6,6,4
fish1+3+4+5,6087,11017,11017,0,0.0,13,13,12
fish1+3+4+5,6151,4626,4626,0,0.0,5,5,1
fish1+3+4+5,6216,11839,11839,0,0.0,17,17,15
fish1+3+4+5,6281,22708,20745,0,0.0,16,15,3
fish1+3+4+5,6346,5979,5979,0,0.0,12,12,13
fish1+3+4+5,6410,3773,3773,0,0.0,4,4,4
fish1+3+4+5,6475,12064,12064,0,0.0,2,2,3
fish1+3+4+5,6540,12003,12003,0,0.0,12,12,4
fish1+3+4+5,6605,11450,3369,0,0.0,3,2,2
fish1+3+4+5,6669,5916,5916,0,0.0,2,2,2
fish1+3+4+5,6734,10399,10399,0,0.0,4,4,5
fish1+3+4+5,6799,7100,7100,0,0.0,4,4,5
fish1+3+4+5,6864,8043,8043,0,0.0,3,3,6
fish1+3+4+5,6928,4698,4698,0,0.0,2,2,6
fish1+3+4+5,6993,4025,4025,0,0.0,2,2,4
fish1+3+4+5,7058,1980,1980,0,0.0,3,3,2
fish1+3+4+5,7123,2536,2536,0,0.0,1,1,1
fish1+3+4+5,7187,2840,2840,0,0.0,2,2,2
fish1+3+4+5,7252,5262,5262,0,0.0,5,5,5
fish1+3+4+5,7317,1135,1135,0,0.0,1,1,1
fish1+3+4+5,7382,0,0,0,0.0,0,0,0
fish1+3+4+5,7446,965,965,0,0.0,1,1,1
fish1+3+4+5,7511,958,958,0,0.0,2,2,2
fish1+3+4+5,7576,501,501,0,0.0,1,1,1
fish1+3+4+5,7641,3103,2824,0,0.0,3,2,1
fish1+3+4+5,7706,2738,2738,0,0.0,2,2,2
fish1+3+4+5+15,0,8870,2472,0,0.0,3,2,3
fish1+3+4+5+15,38,8999,2033,0,0.0,3,2,3
fish1+3+4+5+15,77,1930,1930,0,0.0,2,2,4
fish1+3+4+5+15,115,5558,5558,0,0.0,3,3,2
fish1+3+4+5+15,154,3280,3280,0,0.0,4,4,5
fish1+3+4+5+15,193,3182,3182,0,0.0,2,2,4
fish1+3+4+5+15,231,3402,3402,0,0.0,2,2,3
fish1+3+4+5+15,270,3297,3297,0,0.0,2,2,3
fish1+3+4+5+15,309,3433,3433,0,0.0,2,2,4
fish1+3+4+5+15,347,2750,2750,0,0.0,2,2,3
fish1+3+4+5+15,386,6140,2613,0,0.0,4,3,4
fish1+3+4+5+15,425,4888,4888,0,0.0,4,4,5
fish1+3+4+5+15,463,4169,4169,0,0.0,6,6,4
fish1+3+4+5+15,502,5998,5998,0,0.0,6,6,5
fish1+3+4+5+15,540,6065,6065,0,0.0,4,4,4
fish1+3+4+5+15,579,5136,5136,0,0.0,2,2,2
fish1+3+4+5+15,618,3441,3441,0,0.0,2,2,1
fish1+3+4+5+15,656,6964,6964,0,0.0,3,3,5
fish1+3+4+5+15,695,883,883,0,0.0,2,2,2
fish1+3+4+5+15,734,2968,2937,31,0.010444743935309973,5,5,7
fish1+3+4+5+15,772,3334,3334,0,0.0,6,6,10
fish1+3+4+5+15,811,16244,15157,901,0.055466633834031026,5,4,6
fish1+3+4+5+15,850,8858,8858,0,0.0,9,9,3
fish1+3+4+5+15,888,4349,4349,0,0.0,2,2,4
fish1+3+4+5+15,927,6371,6371,0,0.0,2,2,2
fish1+3+4+5+15,965,7856,7856,0,0.0,6,6,1
fish1+3+4+5+15,1004,5328,5328,0,0.0,5,5,5
fish1+3+4+5+15,1043,5429,5429,0,0.0,8,8,3
fish1+3+4+5+15,1081,2811,2811,0,0.0,4,4,4
fish1+3+4+5+15,1120,15568,15568,0,0.0,6,6,3
fish1+3+4+5+15,1159,7075,7075,0,0.0,2,2,3
fish1+3+4+5+15,1197,3268,3268,0,0.0,3,3,2
fish1+3+4+5+15,1236,2952,2952,0,0.0,3,3,1
fish1+3+4+5+15,1275,6619,6619,0,0.0,3,3,5
fish1+3+4+5+15,1313,5222,5222,0,0.0,3,3,3
fish1+3+4+5+15,1352,2484,2484,0,0.0,4,4,2
fish1+3+4+5+15,1390,4765,4765,0,0.0,3,3,3
fish1+3+4+5+15,1429,5367,5367,0,0.0,3,3,2
fish1+3+4+5+15,1468,0,0,0,0.0,0,0,0
fish1+3+4+5+15,1506,0,0,0,0.0,0,0,0
fish1+3+4+5+15,1545,1488,1488,0,0.0,1,1,1
fish1+3+4+5+15,1584,1201,1201,0,0.0,1,1,1
fish1+3+4+5+15,1622,5612,5612,0,0.0,3,3,5
fish1+3+4+5+15,1661,0,0,0,0.0,0,0,0
fish1+3+4+5+15,1700,0,0,0,0.0,0,0,0
fish1+3+4+5+15,1738,5947,5947,0,0.0,2,2,3
fish1+3+4+5+15,1777,5812,5812,0,0.0,3,3,6
fish1+3+4+5+15,1816,5637,5637,0,0.0,4,4,5
fish1+3+4+5+15,1854,6270,6270,0,0.0,3,3,6
fish1+3+4+5+15,1893,1179,1179,0,0.0,2,2,1
fish1+3+4+5+15,1931,1225,1225,0,0.0,2,2,2
fish1+3+4+5+15,1970,1151,1151,0,0.0,2,2,2
fish1+3+4+5+15,2009,1538,1538,0,0.0,2,2,3
fish1+3+4+5+15,2047,1501,1501,0,0.0,2,2,2
fish1+3+4+5+15,2086,1200,1200,0,0.0,2,2,2
fish1+3+4+5+15,2125,1414,1414,0,0.0,2,2,1
fish1+3+4+5+15,2163,1662,1662,0,0.0,2,2,2
fish1+3+4+5+15,2202,812,812,0,0.0,1,1,1
fish1+3+4+5+15,2241,0,0,0,0.0,0,0,0
fish1+3+4+5+15,2279,0,0,0,0.0,0,0,0
fish1+3+4+5+15,2318,827,827,0,0.0,2,2,2
fish1+3+4+5+15,2356,2517,2517,0,0.0,5,5,6
fish1+3+4+5+15,2395,841,841,0,0.0,3,3,4
fish1+3+4+5+15,2434,2827,2827,0,0.0,3,3,4
fish1+3+4+5+15,2472,13044,13044,0,0.0,7,7,3
fish1+3+4+5+15,2511,5116,5116,0,0.0,2,2,2
fish1+3+4+5+15,2550,8044,8044,0,0.0,4,4,1
fish1+3+4+5+15,2588,7056,7056,0,0.0,5,5,2
fish1+3+4+5+15,2627,262,262,0,0.0,1,1,1
fish1+3+4+5+15,2666,0,0,0,0.0,0,0,0
fish1+3+4+5+15,2704,3961,3961,0,0.0,2,2,4
fish1+3+4+5+15,2743,1705,1705,0,0.0,2,2,5
fish1+3+4+5+15,2781,5757,578,5179,0.8996004863644259,4,2,3
fish1+3+4+5+15,2820,503,503,0,0.0,1,1,1
fish1+3+4+5+15,2859,28416,27493,923,0.03248170045045045,5,5,1
fish1+3+4+5+15,2897,2467,2467,0,0.0,4,4,9
fish1+3+4+5+15,2936,873,873,0,0.0,3,3,3
fish1+3+4+5+15,2975,1098,1098,0,0.0,4,4,4
fish1+3+4+5+15,3013,2363,1198,0,0.0,3,2,4
fish1+3+4+5+15,3052,0,0,0,0.0,0,0,0
fish1+3+4+5+15,3091,1916,1916,0,0.0,2,2,2
fish1+3+4+5+15,3129,0,0,0,0.0,0,0,0
fish1+3+4+5+15,3168,864,864,0,0.0,2,2,3
fish1+3+4+5+15,3207,570,570,0,0.0,2,2,3
fish1+3+4+5+15,3245,496,496,0,0.0,2,2,2
fish1+3+4+5+15,3284,753,753,0,0.0,2,2,2
fish1+3+4+5+15,3322,448,448,0,0.0,2,2,2
fish1+3+4+5+15,3361,507,507,0,0.0,2,2,2
fish1+3+4+5+15,3400,1189,1189,0,0.0,3,3,4
fish1+3+4+5+15,3438,2939,2939,0,0.0,1,1,1
fish1+3+4+5+15,3477,8734,6901,0,0.0,6,5,2
fish1+3+4+5+15,3516,10008,10008,0,0.0,5,5,5
fish1+3+4+5+15,3554,995,995,0,0.0,3,3,4
fish1+3+4+5+15,3593,1331,1331,0,0.0,1,1,2
fish1+3+4+5+15,3632,4892,4892,0,0.0,8,8,12
fish1+3+4+5+15,3670,2800,2800,0,0.0,4,4,2
fish1+3+4+5+15,3709,2662,2662,0,0.0,3,3,3
fish1+3+4+5+15,3747,2770,2770,0,0.0,3,3,2
fish1+3+4+5+15,3786,3012,3012,0,0.0,3,3,3
fish1+3+4+5+15,3825,2555,2555,0,0.0,3,3,3
fish1+3+4+5+15,3863,2023,2023,0,0.0,2,2,2
fish1+3+4+5+15,3902,2075,2075,0,0.0,2,2,2
fish1+3+4+5+15,3941,2066,2066,0,0.0,2,2,2
fish1+3+4+5+15,3979,5026,5026,0,0.0,4,4,5
fish1+3+4+5+15,4018,3823,3823,0,0.0,3,3,4
fish1+3+4+5+15,4057,2749,2749,0,0.0,3,3,4
fish1+3+4+5+15,4095,2009,2009,0,0.0,2,2,2
fish1+3+4+5+15,4134,2277,2277,0,0.0,3,3,3
fish1+3+4+5+15,4172,2478,2478,0,0.0,3,3,4
fish1+3+4+5+15,4211,2498,2498,0,0.0,3,3,3
fish1+3+4+5+15,4250,1831,1831,0,0.0,2,2,2
fish1+3+4+5+15,4288,4164,3602,0,0.0,3,2,2
fish1+3+4+5+15,4327,1809,1809,0,0.0,2,2,2
fish1+3+4+5+15,4366,1256,1256,0,0.0,2,2,3
fish1+3+4+5+15,4404,2742,0,0,0.0,1,0,0
fish1+3+4+5+15,4443,2944,0,0,0.0,1,0,0
fish1+3+4+5+15,4482,246,246,0,0.0,1,1,1
fish1+3+4+5+15,4520,0,0,0,0.0,0,0,0
fish1+3+4+5+15,4559,4681,4681,0,0.0,3,3,3
fish1+3+4+5+15,4598,4733,4733,0,0.0,3,3,3
fish10,0,0,0,0,0.0,0,0,0
fish10,84,1547,1547,0,0.0,1,1,1
fish10,169,10001,10001,0,0.0,11,11,11
fish10,254,322,322,0,0.0,1,1,1
fish10,338,2483,2483,0,0.0,6,6,5
fish10,423,2950,2950,0,0.0,2,2,1
fish10,508,2526,2526,0,0.0,2,2,2
fish10,592,1855,1855,0,0.0,2,2,2
fish10,677,2669,2669,0,0.0,5,5,6
fish10,762,2711,2711,0,0.0,3,3,1
fish10,846,0,0,0,0.0,0,0,0
fish10,931,560,560,0,0.0,1,1,1
fish10,1016,497,497,0,0.0,2,2,2
fish10,1100,0,0,0,0.0,0,0,0
fish10,1185,645,645,0,0.0,2,2,2
fish10,1270,614,0,0,0.0,1,0,0
fish10,1354,0,0,0,0.0,0,0,0
fish10,1439,0,0,0,0.0,0,0,0
fish10,1524,0,0,0,0.0,0,0,0
fish10,1608,812,812,0,0.0,1,1,1
fish10,1693,734,734,0,0.0,1,1,1
fish10,1778,0,0,0,0.0,0,0,0
fish10,1862,0,0,0,0.0,0,0,0
fish10,1947,0,0,0,0.0,0,0,0
fish10,2032,687,0,0,0.0,1,0,0
fish10,2117,1521,1521,0,0.0,2,2,1
fish10,2201,1761,1761,0,0.0,2,2,1
fish10,2286,1562,1562,0,0.0,2,2,1
fish10,2371,0,0,0,0.0,0,0,0
fish10,2455,515,515,0,0.0,1,1,1
fish10,2540,331,331,0,0.0,1,1,2
fish10,2625,1472,1472,0,0.0,2,2,2
fish10,2709,1623,1623,0,0.0,2,2,2
fish10,2794,1466,0,0,0.0,1,0,0
fish10,2879,239,239,0,0.0,1,1,1
fish10,2963,572,572,0,0.0,1,1,1
fish10,3048,0,0,0,0.0,0,0,0
fish10,3133,626,626,0,0.0,2,2,2
fish10,3217,1290,1290,0,0.0,2,2,2
fish10,3302,1515,1515,0,0.0,2,2,2
fish10,3387,1494,1494,0,0.0,2,2,2
fish10,3471,1606,1606,0,0.0,2,2,3
fish10,3556,407,407,0,0.0,1,1,1
fish10,3641,389,389,0,0.0,1,1,1
fish10,3725,409,409,0,0.0,1,1,1
fish10,3810,432,432,0,0.0,1,1,1
fish10,3895,465,465,0,0.0,1,1,1
fish10,3979,477,477,0,0.0,1,1,1
fish10,4064,465,465,0,0.0,1,1,1
fish10,4149,472,472,0,0.0,1,1,1
fish10,4234,339,339,0,0.0,1,1,1
fish10,4318,533,533,0,0.0,2,2,2
fish10,4403,509,509,0,0.0,2,2,2
fish10,4488,0,0,0,0.0,0,0,0
fish10,4572,634,634,0,0.0,1,1,1
fish10,4657,283,283,0,0.0,1,1,1
fish10,4742,0,0,0,0.0,0,0,0
fish10,4826,272,0,0,0.0,1,0,0
fish10,4911,0,0,0,0.0,0,0,0
fish10,4996,367,0,0,0.0,1,0,0
fish10,5080,267,267,0,0.0,1,1,1
fish10,5165,0,0,0,0.0,0,0,0
fish10,5250,598,598,0,0.0,1,1,1
fish10,5334,776,776,0,0.0,1,1,1
fish10,5419,839,839,0,0.0,1,1,1
fish10,5504,687,687,0,0.0,1,1,1
fish10,5588,0,0,0,0.0,0,0,0
fish10,5673,818,818,0,0.0,1,1,1
fish10,5758,222,222,0,0.0,1,1,1
fish10,5842,548,548,0,0.0,2,2,2
fish10,5927,538,538,0,0.0,2,2,2
fish10,6012,514,514,0,0.0,2,2,2
fish10,6097,0,0,0,0.0,0,0,0
fish10,6181,404,404,0,0.0,1,1,2
fish10,6266,278,278,0,0.0,1,1,1
fish10,6351,478,478,0,0.0,1,1,2
fish10,6435,516,516,0,0.0,1,1,1
fish10,6520,581,581,0,0.0,1,1,1
fish10,6605,0,0,0,0.0,0,0,0
fish10,6689,491,491,0,0.0,1,1,2
fish10,6774,586,586,0,0.0,1,1,2
fish10,6859,287,287,0,0.0,1,1,1
fish10,6943,0,0,0,0.0,0,0,0
fish10,7028,495,495,0,0.0,1,1,2
fish10,7113,561,561,0,0.0,1,1,1
fish10,7197,0,0,0,0.0,0,0,0
fish10,7282,425,425,0,0.0,1,1,1
fish10,7367,429,429,0,0.0,1,1,2
fish10,7451,559,559,0,0.0,1,1,1
fish10,7536,578,578,0,0.0,1,1,1
fish10,7621,0,0,0,0.0,0,0,0
fish10,7705,436,436,0,0.0,1,1,1
fish10,7790,4878,4878,0,0.0,3,3,4
fish10,7875,400,400,0,0.0,1,1,1
fish10,7959,1805,1805,0,0.0,3,3,5
fish10,8044,309,309,0,0.0,1,1,1
fish10,8129,0,0,0,0.0,0,0,0
fish10,8214,1085,1085,0,0.0,2,2,4
fish10,8298,1229,1229,0,0.0,1,1,1
fish10,8383,983,983,0,0.0,1,1,1
fish10,8468,653,431,0,0.0,2,1,2
fish10,8552,561,561,0,0.0,1,1,1
fish10,8637,974,974,0,0.0,1,1,1
fish10,8722,0,0,0,0.0,0,0,0
fish10,8806,0,0,0,0.0,0,0,0
fish10,8891,1712,1712,0,0.0,2,2,3
fish10,8976,0,0,0,0.0,0,0,0
fish10,9060,0,0,0,0.0,0,0,0
fish10,9145,816,816,0,0.0,1,1,1
fish10,9230,0,0,0,0.0,0,0,0
fish10,9314,258,258,0,0.0,1,1,1
fish10,9399,0,0,0,0.0,0,0,0
fish10,9484,0,0,0,0.0,0,0,0
fish10,9568,678,678,0,0.0,2,2,3
fish10,9653,320,0,320,1.0,1,0,0
fish10,9738,2634,2634,0,0.0,1,1,3
fish10,9822,0,0,0,0.0,0,0,0
fish10,9907,1087,1087,0,0.0,1,1,1
fish10,9992,0,0,0,0.0,0,0,0
fish10,10077,0,0,0,0.0,0,0,0
fish11,0,0,0,0,0.0,0,0,0
fish11,64,6081,6081,0,0.0,8,8,8
fish11,129,0,0,0,0.0,0,0,0
fish11,194,273,273,0,0.0,1,1,1
fish11,259,0,0,0,0.0,0,0,0
fish11,324,2679,2318,0,0.0,7,6,9
fish11,388,2763,2763,0,0.0,4,4,5
fish11,453,846,846,0,0.0,2,2,2
fish11,518,690,690,0,0.0,1,1,1
fish11,583,669,669,0,0.0,1,1,1
fish11,648,683,683,0,0.0,1,1,1
fish11,712,685,685,0,0.0,1,1,1
fish11,777,643,643,0,0.0,1,1,1
fish11,842,596,596,0,0.0,1,1,1
fish11,907,556,556,0,0.0,1,1,1
fish11,972,1620,1620,0,0.0,2,2,2
fish11,1037,18564,16198,2366,0.12745098039215685,5,4,5
fish11,1101,1959,1959,0,0.0,2,2,2
fish11,1166,2354,2354,0,0.0,5,5,4
fish11,1231,909,909,0,0.0,1,1,1
fish11,1296,821,821,0,0.0,1,1,1
fish11,1361,675,675,0,0.0,1,1,1
fish11,1425,624,624,0,0.0,1,1,2
fish11,1490,661,661,0,0.0,1,1,1
fish11,1555,602,602,0,0.0,1,1,2
fish11,1620,614,614,0,0.0,1,1,2
fish11,1685,531,296,0,0.0,2,1,1
fish11,1750,0,0,0,0.0,0,0,0
fish11,1814,251,251,0,0.0,1,1,1
fish11,1879,3027,3027,0,0.0,4,4,3
fish11,1944,1575,1106,0,0.0,3,2,2
fish11,2009,1087,1087,0,0.0,2,2,2
fish11,2074,279,279,0,0.0,1,1,1
fish11,2138,1204,1204,0,0.0,2,2,2
fish11,2203,1029,1029,0,0.0,2,2,4
fish11,2268,1468,1468,0,0.0,3,3,3
fish11,2333,475,475,0,0.0,1,1,1
fish11,2398,588,588,0,0.0,1,1,1
fish11,2462,1718,250,0,0.0,2,1,2
fish11,2527,2264,1488,0,0.0,3,2,2
fish11,2592,1660,1660,0,0.0,2,2,5
fish11,2657,1733,1733,0,0.0,3,3,3
fish11,2722,251,251,0,0.0,1,1,1
fish11,2787,544,544,0,0.0,1,1,1
fish11,2851,561,561,0,0.0,1,1,1
fish11,2916,882,882,0,0.0,1,1,1
fish11,2981,642,642,0,0.0,1,1,1
fish11,3046,540,540,0,0.0,1,1,1
fish11,3111,7528,7528,0,0.0,5,5,5
fish11,3175,4603,4603,0,0.0,2,2,5
fish11,3240,674,674,0,0.0,1,1,1
fish11,3305,1017,1017,0,0.0,1,1,1
fish11,3370,980,980,0,0.0,1,1,1
fish11,3435,954,954,0,0.0,1,1,1
fish11,3500,1146,1146,0,0.0,1,1,1
fish11,3564,1552,1552,0,0.0,4,4,6
fish11,3629,525,525,0,0.0,1,1,1
fish11,3694,718,718,0,0.0,1,1,1
fish11,3759,709,709,0,0.0,1,1,1
fish11,3824,748,748,0,0.0,2,2,2
fish11,3888,324,324,0,0.0,1,1,1
fish11,3953,637,637,0,0.0,1,1,2
fish11,4018,555,329,0,0.0,2,1,1
fish11,4083,1289,1289,0,0.0,1,1,1
fish11,4148,1002,1002,0,0.0,1,1,1
fish11,4212,1143,0,0,0.0,1,0,0
fish11,4277,1496,0,0,0.0,1,0,0
fish11,4342,1238,0,0,0.0,1,0,0
fish11,4407,1141,1141,0,0.0,3,3,3
fish11,4472,526,526,0,0.0,1,1,1
fish11,4537,667,667,0,0.0,1,1,1
fish11,4601,962,962,0,0.0,1,1,1
fish11,4666,1722,1722,0,0.0,3,3,5
fish11,4731,2184,2184,0,0.0,2,2,2
fish11,4796,903,618,0,0.0,3,2,2
fish11,4861,691,357,0,0.0,2,1,1
fish11,4925,726,0,0,0.0,1,0,0
fish11,4990,576,342,0,0.0,2,1,1
fish11,5055,0,0,0,0.0,0,0,0
fish11,5120,338,338,0,0.0,1,1,1
fish11,5185,865,865,0,0.0,1,1,1
fish11,5250,686,686,0,0.0,1,1,2
fish11,5314,835,0,0,0.0,1,0,0
fish11,5379,861,861,0,0.0,1,1,1
fish11,5444,830,830,0,0.0,1,1,1
fish11,5509,838,838,0,0.0,1,1,1
fish11,5574,743,743,0,0.0,1,1,1
fish11,5638,359,359,0,0.0,1,1,1
fish11,5703,0,0,0,0.0,0,0,0
fish11,5768,683,683,0,0.0,1,1,1
fish11,5833,14389,14389,0,0.0,6,6,7
fish11,5898,365,365,0,0.0,1,1,2
fish11,5962,597,0,0,0.0,1,0,0
fish11,6027,0,0,0,0.0,0,0,0
fish11,6092,0,0,0,0.0,0,0,0
fish11,6157,0,0,0,0.0,0,0,0
fish11,6222,619,619,0,0.0,1,1,2
fish11,6287,2879,2879,0,0.0,2,2,2
fish11,6351,5661,5661,0,0.0,3,3,2
fish11,6416,2020,2020,0,0.0,5,5,6
fish11,6481,1876,1876,0,0.0,3,3,4
fish11,6546,457,457,0,0.0,1,1,1
fish11,6611,248,248,0,0.0,1,1,1
fish11,6675,386,386,0,0.0,1,1,1
fish11,6740,385,385,0,0.0,1,1,1
fish11,6805,410,410,0,0.0,1,1,1
fish11,6870,289,289,0,0.0,1,1,1
fish11,6935,220,220,0,0.0,1,1,1
fish11,7000,653,653,0,0.0,1,1,2
fish11,7064,239,239,0,0.0,1,1,1
fish11,7129,263,263,0,0.0,1,1,1
fish11,7194,301,301,0,0.0,1,1,1
fish11,7259,379,379,0,0.0,1,1,1
fish11,7324,706,706,0,0.0,2,2,2
fish11,7388,0,0,0,0.0,0,0,0
fish11,7453,631,631,0,0.0,1,1,2
fish11,7518,247,247,0,0.0,1,1,1
fish11,7583,244,244,0,0.0,1,1,1
fish11,7648,270,270,0,0.0,1,1,1
fish11,7713,275,275,0,0.0,1,1,1
fish12,0,11938,11938,0,0.0,10,10,8
fish12,32,6396,6396,0,0.0,8,8,9
fish12,65,1707,1707,0,0.0,2,2,2
fish12,98,2090,2090,0,0.0,2,2,2
fish12,131,2044,2044,0,0.0,2,2,2
fish12,164,8821,8821,0,0.0,6,6,5
fish12,197,8273,8273,0,0.0,6,6,6
fish12,230,1214,1214,0,0.0,1,1,2
fish12,262,2286,2286,0,0.0,4,4,4
fish12,295,14917,14917,0,0.0,22,22,12
fish12,328,11831,11831,0,0.0,12,12,12
fish12,361,2748,2748,0,0.0,5,5,5
fish12,394,1253,1253,0,0.0,2,2,2
fish12,427,740,740,0,0.0,1,1,1
fish12,460,675,675,0,0.0,1,1,1
fish12,493,774,774,0,0.0,1,1,1
fish12,525,629,629,0,0.0,1,1,2
fish12,558,728,728,0,0.0,1,1,1
fish12,591,774,774,0,0.0,2,2,2
fish12,624,779,779,0,0.0,1,1,3
fish12,657,584,584,0,0.0,2,2,2
fish12,690,589,589,0,0.0,1,1,1
fish12,723,626,626,0,0.0,2,2,2
fish12,756,753,0,0,0.0,1,0,0
fish12,788,784,0,0,0.0,1,0,0
fish12,821,883,0,0,0.0,1,0,0
fish12,854,1285,0,0,0.0,1,0,0
fish12,887,852,0,852,1.0,2,0,0
fish12,920,509,509,0,0.0,1,1,1
fish12,953,0,0,0,0.0,0,0,0
fish12,986,2211,2211,0,0.0,7,7,7
fish12,1019,279,279,0,0.0,1,1,1
fish12,1051,456,456,0,0.0,1,1,1
fish12,1084,443,443,0,0.0,1,1,1
fish12,1117,1011,1011,0,0.0,2,2,2
fish12,1150,1102,1102,0,0.0,3,3,3
fish12,1183,969,969,0,0.0,2,2,4
fish12,1216,1441,543,0,0.0,3,2,2
fish12,1249,1218,1218,0,0.0,2,2,2
fish12,1282,292,292,0,0.0,1,1,1
fish12,1314,4904,4904,0,0.0,3,3,1
fish12,1347,1104,1104,0,0.0,2,2,2
fish12,1380,1167,1167,0,0.0,2,2,2
fish12,1413,5023,5023,0,0.0,4,4,2
fish12,1446,1535,1535,0,0.0,3,3,3
fish12,1479,5662,5662,0,0.0,3,3,2
fish12,1512,1145,1145,0,0.0,2,2,2
fish12,1545,726,726,0,0.0,2,2,2
fish12,1577,952,952,0,0.0,2,2,2
fish12,1610,715,715,0,0.0,1,1,2
fish12,1643,4008,4008,0,0.0,6,6,4
fish12,1676,2280,2280,0,0.0,2,2,3
fish12,1709,7726,7726,0,0.0,6,6,3
fish12,1742,1284,1284,0,0.0,3,3,2
fish12,1775,461,461,0,0.0,1,1,1
fish12,1808,2184,2184,0,0.0,5,5,7
fish12,1840,0,0,0,0.0,0,0,0
fish12,1873,2493,2184,0,0.0,4,3,2
fish12,1906,13453,13453,0,0.0,7,7,2
fish12,1939,2041,2041,0,0.0,4,4,3
fish12,1972,1438,1438,0,0.0,3,3,4
fish12,2005,1955,1955,0,0.0,2,2,2
fish12,2038,1428,1428,0,0.0,2,2,2
fish12,2071,1438,1133,305,0.2121001390820584,3,2,2
fish12,2103,317,317,0,0.0,1,1,1
fish12,2136,1621,0,1621,1.0,1,0,0
fish12,2169,3476,2934,542,0.15592635212888378,3,2,1
fish12,2202,918,918,0,0.0,2,2,4
fish12,2235,887,887,0,0.0,2,2,2
fish12,2268,0,0,0,0.0,0,0,0
fish12,2301,0,0,0,0.0,0,0,0
fish12,2334,520,520,0,0.0,2,2,2
fish12,2366,0,0,0,0.0,0,0,0
fish12,2399,2908,2908,0,0.0,4,4,5
fish12,2432,225,0,0,0.0,1,0,0
fish12,2465,857,857,0,0.0,3,3,3
fish12,2498,220,220,0,0.0,1,1,1
fish12,2531,220,220,0,0.0,1,1,1
fish12,2564,1906,1906,0,0.0,3,3,4
fish12,2597,3899,3899,0,0.0,1,1,2
fish12,2629,3897,3897,0,0.0,1,1,2
fish12,2662,1207,1207,0,0.0,3,3,3
fish12,2695,2332,2332,0,0.0,6,6,9
fish12,2728,657,657,0,0.0,2,2,2
fish12,2761,2048,442,1599,0.78076171875,4,2,3
fish12,2794,9469,9469,0,0.0,7,7,5
fish12,2827,4346,4346,0,0.0,5,5,3
fish12,2860,3923,3859,64,0.016314045373438696,5,5,6
fish12,2892,2766,2766,0,0.0,6,6,6
fish12,2925,3827,3820,7,0.0018291089626339169,4,4,4
fish12,2958,1957,1957,0,0.0,4,4,5
fish12,2991,922,922,0,0.0,2,2,2
fish12,3024,737,737,0,0.0,2,2,3
fish12,3057,2413,2413,0,0.0,4,4,2
fish12,3090,1828,1828,0,0.0,4,4,4
fish12,3123,519,519,0,0.0,1,1,1
fish12,3155,387,387,0,0.0,1,1,1
fish12,3188,381,381,0,0.0,1,1,1
fish12,3221,2547,2547,0,0.0,3,3,2
fish12,3254,241,241,0,0.0,1,1,1
fish12,3287,537,537,0,0.0,1,1,1
fish12,3320,0,0,0,0.0,0,0,0
fish12,3353,2637,2637,0,0.0,3,3,5
fish12,3386,992,992,0,0.0,2,2,2
fish12,3418,2342,2342,0,0.0,4,4,4
fish12,3451,960,960,0,0.0,1,1,2
fish12,3484,419,419,0,0.0,1,1,1
fish12,3517,452,452,0,0.0,1,1,1
fish12,3550,459,459,0,0.0,1,1,1
fish12,3583,438,438,0,0.0,1,1,1
fish12,3616,437,437,0,0.0,1,1,1
fish12,3649,406,406,0,0.0,1,1,1
fish12,3681,393,393,0,0.0,1,1,1
fish12,3714,391,391,0,0.0,1,1,1
fish12,3747,397,397,0,0.0,1,1,1
fish12,3780,425,425,0,0.0,1,1,1
fish12,3813,434,434,0,0.0,1,1,1
fish12,3846,405,405,0,0.0,1,1,1
fish12,3879,403,403,0,0.0,1,1,1
fish12,3912,451,451,0,0.0,1,1,1
fish13,0,0,0,0,0.0,0,0,0
fish13,40,0,0,0,0.0,0,0,0
fish13,80,597,597,0,0.0,1,1,1
fish13,120,658,658,0,0.0,1,1,1
fish13,160,643,643,0,0.0,1,1,1
fish13,201,1090,1090,0,0.0,2,2,2
fish13,241,873,873,0,0.0,2,2,2
fish13,281,819,819,0,0.0,2,2,2
fish13,321,1143,1143,0,0.0,2,2,2
fish13,362,412,412,0,0.0,1,1,1
fish13,402,454,454,0,0.0,1,1,1
fish13,442,424,424,0,0.0,1,1,1
fish13,482,576,576,0,0.0,1,1,1
fish13,522,846,846,0,0.0,1,1,1
fish13,563,0,0,0,0.0,0,0,0
fish13,603,0,0,0,0.0,0,0,0
fish13,643,1486,0,0,0.0,1,0,0
fish13,683,0,0,0,0.0,0,0,0
fish13,724,431,431,0,0.0,1,1,1
fish13,764,427,427,0,0.0,1,1,1
fish13,804,445,445,0,0.0,1,1,1
fish13,844,464,464,0,0.0,1,1,1
fish13,884,465,465,0,0.0,1,1,1
fish13,925,529,529,0,0.0,1,1,1
fish13,965,0,0,0,0.0,0,0,0
fish13,1005,0,0,0,0.0,0,0,0
fish13,1045,1293,0,0,0.0,1,0,0
fish13,1086,1433,0,0,0.0,1,0,0
fish13,1126,1530,0,0,0.0,1,0,0
fish13,1166,1370,0,0,0.0,1,0,0
fish13,1206,1373,1373,0,0.0,1,1,1
fish13,1247,1245,1245,0,0.0,1,1,1
fish13,1287,1172,1172,0,0.0,1,1,1
fish13,1327,1181,1181,0,0.0,1,1,1
fish13,1367,1177,1177,0,0.0,1,1,1
fish13,1407,1108,1108,0,0.0,1,1,1
fish13,1448,805,0,0,0.0,1,0,0
fish13,1488,336,336,0,0.0,1,1,1
fish13,1528,397,397,0,0.0,1,1,1
fish13,1568,458,458,0,0.0,1,1,1
fish13,1609,0,0,0,0.0,0,0,0
fish13,1649,1370,0,0,0.0,1,0,0
fish13,1689,1029,1029,0,0.0,1,1,1
fish13,1729,874,874,0,0.0,1,1,1
fish13,1769,972,972,0,0.0,1,1,1
fish13,1810,1022,1022,0,0.0,1,1,1
fish13,1850,943,943,0,0.0,1,1,1
fish13,1890,973,0,0,0.0,1,0,0
fish13,1930,960,0,0,0.0,1,0,0
fish13,1971,954,0,0,0.0,1,0,0
fish13,2011,904,0,0,0.0,1,0,0
fish13,2051,0,0,0,0.0,0,0,0
fish13,2091,0,0,0,0.0,0,0,0
fish13,2132,0,0,0,0.0,0,0,0
fish13,2172,0,0,0,0.0,0,0,0
fish13,2212,970,0,0,0.0,1,0,0
fish13,2252,0,0,0,0.0,0,0,0
fish13,2292,0,0,0,0.0,0,0,0
fish13,2333,0,0,0,0.0,0,0,0
fish13,2373,943,0,0,0.0,1,0,0
fish13,2413,0,0,0,0.0,0,0,0
fish13,2453,0,0,0,0.0,0,0,0
fish13,2494,0,0,0,0.0,0,0,0
fish13,2534,0,0,0,0.0,0,0,0
fish13,2574,1012,0,0,0.0,1,0,0
fish13,2614,832,0,0,0.0,1,0,0
fish13,2654,0,0,0,0.0,0,0,0
fish13,2695,826,826,0,0.0,1,1,1
fish13,2735,825,825,0,0.0,1,1,1
fish13,2775,888,888,0,0.0,1,1,1
fish13,2815,1060,1060,0,0.0,1,1,1
fish13,2856,0,0,0,0.0,0,0,0
fish13,2896,805,805,0,0.0,1,1,1
fish13,2936,701,701,0,0.0,1,1,1
fish13,2976,0,0,0,0.0,0,0,0
fish13,3017,785,0,0,0.0,1,0,0
fish13,3057,809,809,0,0.0,1,1,1
fish13,3097,766,766,0,0.0,1,1,1
fish13,3137,836,836,0,0.0,1,1,1
fish13,3177,827,827,0,0.0,1,1,1
fish13,3218,824,0,0,0.0,1,0,0
fish13,3258,769,0,0,0.0,1,0,0
fish13,3298,0,0,0,0.0,0,0,0
fish13,3338,0,0,0,0.0,0,0,0
fish13,3379,0,0,0,0.0,0,0,0
fish13,3419,774,0,0,0.0,1,0,0
fish13,3459,792,0,0,0.0,1,0,0
fish13,3499,897,897,0,0.0,1,1,1
fish13,3539,0,0,0,0.0,0,0,0
fish13,3580,0,0,0,0.0,0,0,0
fish13,3620,853,0,0,0.0,1,0,0
fish13,3660,0,0,0,0.0,0,0,0
fish13,3700,681,0,0,0.0,1,0,0
fish13,3741,804,0,0,0.0,1,0,0
fish13,3781,794,0,0,0.0,1,0,0
fish13,3821,789,0,0,0.0,1,0,0
fish13,3861,0,0,0,0.0,0,0,0
fish13,3902,0,0,0,0.0,0,0,0
fish13,3942,0,0,0,0.0,0,0,0
fish13,3982,0,0,0,0.0,0,0,0
fish13,4022,0,0,0,0.0,0,0,0
fish13,4062,951,951,0,0.0,1,1,1
fish13,4103,0,0,0,0.0,0,0,0
fish13,4143,0,0,0,0.0,0,0,0
fish13,4183,0,0,0,0.0,0,0,0
fish13,4223,0,0,0,0.0,0,0,0
fish13,4264,0,0,0,0.0,0,0,0
fish13,4304,0,0,0,0.0,0,0,0
fish13,4344,0,0,0,0.0,0,0,0
fish13,4384,0,0,0,0.0,0,0,0
fish13,4424,857,857,0,0.0,1,1,1
fish13,4465,929,929,0,0.0,1,1,1
fish13,4505,890,890,0,0.0,1,1,1
fish13,4545,933,933,0,0.0,1,1,1
fish13,4585,949,949,0,0.0,1,1,1
fish13,4626,954,954,0,0.0,1,1,1
fish13,4666,935,935,0,0.0,1,1,1
fish13,4706,963,963,0,0.0,1,1,1
fish13,4746,1003,1003,0,0.0,1,1,1
fish13,4787,989,989,0,0.0,1,1,1
fish14,0,3209,2981,0,0.0,5,4,5
fish14,41,1009,1009,0,0.0,3,3,4
fish14,83,240,240,0,0.0,1,1,2
fish14,125,0,0,0,0.0,0,0,0
fish14,166,0,0,0,0.0,0,0,0
fish14,208,0,0,0,0.0,0,0,0
fish14,250,0,0,0,0.0,0,0,0
fish14,292,2378,1674,0,0.0,6,5,6
fish14,333,6534,6490,44,0.006734006734006734,12,12,10
fish14,375,978,978,0,0.0,2,2,2
fish14,417,889,889,0,0.0,1,1,1
fish14,459,873,873,0,0.0,1,1,1
fish14,500,0,0,0,0.0,0,0,0
fish14,542,1094,1094,0,0.0,1,1,1
fish14,584,0,0,0,0.0,0,0,0
fish14,626,0,0,0,0.0,0,0,0
fish14,667,0,0,0,0.0,0,0,0
fish14,709,0,0,0,0.0,0,0,0
fish14,751,0,0,0,0.0,0,0,0
fish14,793,714,406,0,0.0,2,1,1
fish14,834,855,855,0,0.0,1,1,1
fish14,876,718,718,0,0.0,1,1,1
fish14,918,605,605,0,0.0,1,1,1
fish14,960,544,544,0,0.0,1,1,1
fish14,1001,787,787,0,0.0,1,1,1
fish14,1043,562,562,0,0.0,1,1,1
fish14,1085,605,605,0,0.0,1,1,1
fish14,1127,530,530,0,0.0,1,1,2
fish14,1168,659,659,0,0.0,1,1,1
fish14,1210,596,596,0,0.0,1,1,2
fish14,1252,476,476,0,0.0,1,1,1
fish14,1294,587,587,0,0.0,1,1,1
fish14,1335,770,770,0,0.0,1,1,1
fish14,1377,0,0,0,0.0,0,0,0
fish14,1419,1561,258,0,0.0,2,1,1
fish14,1461,0,0,0,0.0,0,0,0
fish14,1502,0,0,0,0.0,0,0,0
fish14,1544,0,0,0,0.0,0,0,0
fish14,1586,0,0,0,0.0,0,0,0
fish14,1628,766,766,0,0.0,1,1,1
fish14,1669,687,687,0,0.0,1,1,1
fish14,1711,313,313,0,0.0,1,1,1
fish14,1753,0,0,0,0.0,0,0,0
fish14,1795,0,0,0,0.0,0,0,0
fish14,1836,873,0,0,0.0,1,0,0
fish14,1878,667,667,0,0.0,1,1,1
fish14,1920,625,625,0,0.0,1,1,1
fish14,1962,593,593,0,0.0,1,1,1
fish14,2003,649,649,0,0.0,1,1,1
fish14,2045,579,579,0,0.0,1,1,1
fish14,2087,467,467,0,0.0,1,1,1
fish14,2129,445,445,0,0.0,1,1,1
fish14,2170,1027,1027,0,0.0,1,1,1
fish14,2212,4980,4980,0,0.0,1,1,1
fish14,2254,355,0,0,0.0,1,0,0
fish14,2296,0,0,0,0.0,0,0,0
fish14,2337,0,0,0,0.0,0,0,0
fish14,2379,2249,2249,0,0.0,2,2,4
fish14,2421,1341,1341,0,0.0,3,3,2
fish14,2463,1301,1301,0,0.0,2,2,4
fish14,2504,1860,1860,0,0.0,1,1,3
fish14,2546,0,0,0,0.0,0,0,0
fish14,2588,0,0,0,0.0,0,0,0
fish14,2630,1317,1317,0,0.0,2,2,3
fish14,2671,5580,5580,0,0.0,1,1,3
fish14,2713,1272,1272,0,0.0,2,2,2
fish14,2755,1967,1967,0,0.0,3,3,3
fish14,2797,2055,2055,0,0.0,4,4,4
fish14,2838,1347,1347,0,0.0,2,2,2
fish14,2880,565,565,0,0.0,1,1,2
fish14,2922,659,659,0,0.0,1,1,1
fish14,2964,772,772,0,0.0,1,1,1
fish14,3005,734,734,0,0.0,1,1,1
fish14,3047,787,787,0,0.0,1,1,2
fish14,3089,709,709,0,0.0,1,1,1
fish14,3131,823,0,0,0.0,1,0,0
fish14,3172,0,0,0,0.0,0,0,0
fish14,3214,1438,1438,0,0.0,1,1,1
fish14,3256,0,0,0,0.0,0,0,0
fish14,3298,2893,2893,0,0.0,2,2,2
fish14,3339,1154,1154,0,0.0,3,3,4
fish14,3381,0,0,0,0.0,0,0,0
fish14,3423,8799,8799,0,0.0,3,3,1
fish14,3465,504,504,0,0.0,1,1,1
fish14,3506,3087,3087,0,0.0,5,5,6
fish14,3548,783,783,0,0.0,2,2,2
fish14,3590,300,300,0,0.0,1,1,1
fish14,3632,770,770,0,0.0,1,1,2
fish14,3673,774,774,0,0.0,1,1,2
fish14,3715,734,734,0,0.0,1,1,2
fish14,3757,596,0,0,0.0,1,0,0
fish14,3799,327,327,0,0.0,1,1,1
fish14,3840,607,0,0,0.0,1,0,0
fish14,3882,802,0,0,0.0,1,0,0
fish14,3924,844,844,0,0.0,1,1,1
fish14,3966,849,849,0,0.0,1,1,1
fish14,4007,779,779,0,0.0,1,1,1
fish14,4049,787,787,0,0.0,1,1,2
fish14,4091,523,272,0,0.0,2,1,1
fish14,4133,673,673,0,0.0,1,1,1
fish14,4174,715,715,0,0.0,1,1,1
fish14,4216,0,0,0,0.0,0,0,0
fish14,4258,691,0,0,0.0,1,0,0
fish14,4300,728,728,0,0.0,1,1,1
fish14,4341,762,762,0,0.0,1,1,1
fish14,4383,0,0,0,0.0,0,0,0
fish14,4425,0,0,0,0.0,0,0,0
fish14,4467,712,0,0,0.0,1,0,0
fish14,4508,0,0,0,0.0,0,0,0
fish14,4550,0,0,0,0.0,0,0,0
fish14,4592,363,363,0,0.0,1,1,1
fish14,4634,0,0,0,0.0,0,0,0
fish14,4675,561,561,0,0.0,1,1,1
fish14,4717,538,538,0,0.0,1,1,1
fish14,4759,429,429,0,0.0,1,1,1
fish14,4801,0,0,0,0.0,0,0,0
fish14,4842,0,0,0,0.0,0,0,0
fish14,4884,0,0,0,0.0,0,0,0
fish14,4926,0,0,0,0.0,0,0,0
fish14,4968,0,0,0,0.0,0,0,0
fish15,0,0,0,0,0.0,0,0,0
fish15,57,1453,1453,0,0.0,2,2,3
fish15,114,4060,4060,0,0.0,8,8,4
fish15,171,816,816,0,0.0,3,3,3
fish15,228,1378,1378,0,0.0,2,2,1
fish15,285,1664,1664,0,0.0,2,2,2
fish15,342,1868,1868,0,0.0,3,3,2
fish15,400,550,550,0,0.0,1,1,1
fish15,457,1826,1826,0,0.0,4,4,7
fish15,514,0,0,0,0.0,0,0,0
fish15,571,0,0,0,0.0,0,0,0
fish15,628,538,538,0,0.0,2,2,2
fish15,685,1302,1302,0,0.0,3,3,4
fish15,743,800,800,0,0.0,2,2,2
fish15,800,756,756,0,0.0,1,1,1
fish15,857,3479,3479,0,0.0,4,4,1
fish15,914,0,0,0,0.0,0,0,0
fish15,971,937,937,0,0.0,3,3,5
fish15,1028,0,0,0,0.0,0,0,0
fish15,1086,0,0,0,0.0,0,0,0
fish15,1143,0,0,0,0.0,0,0,0
fish15,1200,2364,2364,0,0.0,1,1,2
fish15,1257,2008,1715,0,0.0,3,2,3
fish15,1314,4916,4916,0,0.0,3,3,1
fish15,1371,8684,8684,0,0.0,2,2,4
fish15,1428,0,0,0,0.0,0,0,0
fish15,1486,4996,4996,0,0.0,1,1,2
fish15,1543,4656,4656,0,0.0,4,4,3
fish15,1600,4390,4390,0,0.0,3,3,4
fish15,1657,5998,5998,0,0.0,4,4,7
fish15,1714,5702,5702,0,0.0,4,4,5
fish15,1771,1403,1403,0,0.0,3,3,3
fish15,1829,228,228,0,0.0,1,1,1
fish15,1886,18360,17786,0,0.0,4,3,2
fish15,1943,304,304,0,0.0,1,1,2
fish15,2000,7090,7090,0,0.0,2,2,2
fish15,2057,7327,7327,0,0.0,3,3,3
fish15,2114,7264,7264,0,0.0,3,3,9
fish15,2172,923,304,0,0.0,2,1,1
fish15,2229,3558,3558,0,0.0,7,7,6
fish15,2286,600,600,0,0.0,1,1,1
fish15,2343,472,472,0,0.0,1,1,1
fish15,2400,246,246,0,0.0,1,1,1
fish15,2457,340,340,0,0.0,1,1,1
fish15,2515,991,0,0,0.0,1,0,0
fish15,2572,744,744,0,0.0,1,1,1
fish15,2629,281,281,0,0.0,1,1,1
fish15,2686,0,0,0,0.0,0,0,0
fish15,2743,0,0,0,0.0,0,0,0
fish15,2800,293,0,0,0.0,1,0,0
fish15,2857,0,0,0,0.0,0,0,0
fish15,2915,372,0,0,0.0,1,0,0
fish15,2972,0,0,0,0.0,0,0,0
fish15,3029,536,536,0,0.0,1,1,1
fish15,3086,573,573,0,0.0,1,1,1
fish15,3143,474,474,0,0.0,1,1,1
fish15,3200,594,594,0,0.0,1,1,1
fish15,3258,579,579,0,0.0,1,1,1
fish15,3315,599,599,0,0.0,1,1,1
fish15,3372,636,636,0,0.0,1,1,1
fish15,3429,629,629,0,0.0,1,1,1
fish15,3486,227,227,0,0.0,1,1,1
fish15,3543,829,829,0,0.0,1,1,1
fish15,3601,660,660,0,0.0,1,1,1
fish15,3658,0,0,0,0.0,0,0,0
fish15,3715,744,744,0,0.0,1,1,1
fish15,3772,673,673,0,0.0,1,1,1
fish15,3829,572,572,0,0.0,1,1,1
fish15,3886,693,693,0,0.0,2,2,2
fish15,3944,518,518,0,0.0,1,1,1
fish15,4001,499,499,0,0.0,1,1,1
fish15,4058,324,324,0,0.0,1,1,1
fish15,4115,0,0,0,0.0,0,0,0
fish15,4172,452,452,0,0.0,1,1,1
fish15,4229,405,405,0,0.0,1,1,1
fish15,4286,0,0,0,0.0,0,0,0
fish15,4344,0,0,0,0.0,0,0,0
fish15,4401,383,0,0,0.0,1,0,0
fish15,4458,517,517,0,0.0,1,1,1
fish15,4515,0,0,0,0.0,0,0,0
fish15,4572,1110,1110,0,0.0,1,1,1
fish15,4629,466,466,0,0.0,1,1,1
fish15,4687,0,0,0,0.0,0,0,0
fish15,4744,0,0,0,0.0,0,0,0
fish15,4801,0,0,0,0.0,0,0,0
fish15,4858,0,0,0,0.0,0,0,0
fish15,4915,937,0,0,0.0,1,0,0
fish15,4972,1057,1057,0,0.0,1,1,1
fish15,5030,1133,1133,0,0.0,1,1,1
fish15,5087,1713,1713,0,0.0,1,1,1
fish15,5144,4113,4113,0,0.0,2,2,3
fish15,5201,10238,10238,0,0.0,3,3,1
fish15,5258,527,527,0,0.0,1,1,2
fish15,5315,5779,1937,0,0.0,4,3,2
fish15,5373,841,841,0,0.0,1,1,1
fish15,5430,905,905,0,0.0,2,2,2
fish15,5487,252,252,0,0.0,1,1,1
fish15,5544,1071,1071,0,0.0,1,1,1
fish15,5601,0,0,0,0.0,0,0,0
fish15,5658,0,0,0,0.0,0,0,0
fish15,5715,4436,4436,0,0.0,2,2,5
fish15,5773,7036,7036,0,0.0,1,1,1
fish15,5830,0,0,0,0.0,0,0,0
fish15,5887,223,223,0,0.0,1,1,1
fish15,5944,0,0,0,0.0,0,0,0
fish15,6001,7491,7491,0,0.0,2,2,3
fish15,6058,7778,7778,0,0.0,5,5,4
fish15,6116,620,620,0,0.0,2,2,2
fish15,6173,0,0,0,0.0,0,0,0
fish15,6230,1135,1135,0,0.0,3,3,4
fish15,6287,981,981,0,0.0,2,2,3
fish15,6344,1370,1370,0,0.0,2,2,2
fish15,6401,7534,7534,0,0.0,2,2,2
fish15,6459,412,412,0,0.0,1,1,1
fish15,6516,10068,10068,0,0.0,2,2,1
fish15,6573,9148,9148,0,0.0,2,2,2
fish15,6630,387,387,0,0.0,1,1,1
fish15,6687,230,230,0,0.0,1,1,1
fish15,6744,1328,1328,0,0.0,2,2,2
fish15,6802,0,0,0,0.0,0,0,0
fish2,0,0,0,0,0.0,0,0,0
fish2,74,232,232,0,0.0,1,1,1
fish2,149,305,305,0,0.0,1,1,1
fish2,224,624,624,0,0.0,1,1,1
fish2,299,492,492,0,0.0,1,1,1
fish2,374,265,265,0,0.0,1,1,1
fish2,449,253,253,0,0.0,1,1,1
fish2,524,298,298,0,0.0,1,1,1
fish2,599,0,0,0,0.0,0,0,0
fish2,674,739,739,0,0.0,1,1,1
fish2,749,2602,1923,0,0.0,2,1,1
fish2,824,7306,7306,0,0.0,2,2,1
fish2,899,8577,8577,0,0.0,2,2,1
fish2,974,0,0,0,0.0,0,0,0
fish2,1049,560,560,0,0.0,1,1,1
fish2,1123,1207,1207,0,0.0,2,2,1
fish2,1198,3648,3648,0,0.0,3,3,2
fish2,1273,250,250,0,0.0,1,1,1
fish2,1348,0,0,0,0.0,0,0,0
fish2,1423,0,0,0,0.0,0,0,0
fish2,1498,343,343,0,0.0,1,1,1
fish2,1573,282,282,0,0.0,1,1,1
fish2,1648,420,420,0,0.0,1,1,1
fish2,1723,655,655,0,0.0,1,1,1
fish2,1798,422,422,0,0.0,1,1,2
fish2,1873,879,879,0,0.0,1,1,1
fish2,1948,883,883,0,0.0,1,1,1
fish2,2023,825,825,0,0.0,1,1,1
fish2,2098,0,0,0,0.0,0,0,0
fish2,2173,0,0,0,0.0,0,0,0
fish2,2247,0,0,0,0.0,0,0,0
fish2,2322,0,0,0,0.0,0,0,0
fish2,2397,0,0,0,0.0,0,0,0
fish2,2472,0,0,0,0.0,0,0,0
fish2,2547,0,0,0,0.0,0,0,0
fish2,2622,0,0,0,0.0,0,0,0
fish2,2697,0,0,0,0.0,0,0,0
fish2,2772,0,0,0,0.0,0,0,0
fish2,2847,220,220,0,0.0,1,1,1
fish2,2922,0,0,0,0.0,0,0,0
fish2,2997,0,0,0,0.0,0,0,0
fish2,3072,0,0,0,0.0,0,0,0
fish2,3147,0,0,0,0.0,0,0,0
fish2,3222,0,0,0,0.0,0,0,0
fish2,3297,0,0,0,0.0,0,0,0
fish2,3371,0,0,0,0.0,0,0,0
fish2,3446,0,0,0,0.0,0,0,0
fish2,3521,349,349,0,0.0,1,1,2
fish2,3596,12954,12954,0,0.0,6,6,1
fish2,3671,1618,1618,0,0.0,2,2,2
fish2,3746,1092,1092,0,0.0,1,1,2
fish2,3821,3463,3181,0,0.0,2,1,2
fish2,3896,390,390,0,0.0,1,1,1
fish2,3971,1223,1223,0,0.0,2,2,3
fish2,4046,2995,2995,0,0.0,2,2,3
fish2,4121,281,281,0,0.0,1,1,1
fish2,4196,1333,1333,0,0.0,2,2,4
fish2,4271,11511,11511,0,0.0,6,6,4
fish2,4346,813,813,0,0.0,1,1,1
fish2,4421,0,0,0,0.0,0,0,0
fish2,4495,1112,1112,0,0.0,1,1,1
fish2,4570,970,970,0,0.0,2,2,2
fish2,4645,1412,1412,0,0.0,3,3,3
fish2,4720,2232,2232,0,0.0,2,2,2
fish2,4795,469,469,0,0.0,1,1,1
fish2,4870,6075,5727,0,0.0,4,3,4
fish2,4945,1926,1926,0,0.0,2,2,2
fish2,5020,1238,740,0,0.0,3,2,2
fish2,5095,1763,1522,241,0.1366988088485536,2,2,2
fish2,5170,813,813,0,0.0,2,2,2
fish2,5245,788,788,0,0.0,2,2,2
fish2,5320,308,308,0,0.0,1,1,1
fish2,5395,1034,1034,0,0.0,1,1,1
fish2,5470,1488,1488,0,0.0,2,2,1
fish2,5545,1618,1618,0,0.0,1,1,1
fish2,5619,272,272,0,0.0,1,1,2
fish2,5694,852,852,0,0.0,2,2,2
fish2,5769,366,366,0,0.0,1,1,1
fish2,5844,387,387,0,0.0,1,1,1
fish2,5919,494,494,0,0.0,1,1,1
fish2,5994,613,613,0,0.0,2,2,2
fish2,6069,381,381,0,0.0,1,1,1
fish2,6144,350,350,0,0.0,1,1,1
fish2,6219,224,224,0,0.0,1,1,1
fish2,6294,0,0,0,0.0,0,0,0
fish2,6369,351,351,0,0.0,1,1,1
fish2,6444,1201,1201,0,0.0,2,2,3
fish2,6519,9830,9830,0,0.0,6,6,4
fish2,6594,0,0,0,0.0,0,0,0
fish2,6669,358,0,358,1.0,1,0,0
fish2,6743,4003,4003,0,0.0,7,7,4
fish2,6818,323,323,0,0.0,1,1,1
fish2,6893,345,0,345,1.0,1,0,0
fish2,6968,349,0,349,1.0,1,0,0
fish2,7043,704,233,461,0.6548295454545454,2,1,1
fish2,7118,0,0,0,0.0,0,0,0
fish2,7193,0,0,0,0.0,0,0,0
fish2,7268,8406,8406,0,0.0,4,4,1
fish2,7343,548,274,274,0.5,2,1,1
fish2,7418,334,334,0,0.0,1,1,1
fish2,7493,305,0,305,1.0,1,0,0
fish2,7568,277,0,277,1.0,1,0,0
fish2,7643,0,0,0,0.0,0,0,0
fish2,7718,1276,1276,0,0.0,2,2,3
fish2,7793,0,0,0,0.0,0,0,0
fish2,7867,0,0,0,0.0,0,0,0
fish2,7942,1198,1198,0,0.0,2,2,2
fish2,8017,251,251,0,0.0,1,1,1
fish2,8092,0,0,0,0.0,0,0,0
fish2,8167,462,462,0,0.0,1,1,1
fish2,8242,0,0,0,0.0,0,0,0
fish2,8317,499,0,499,1.0,1,0,0
fish2,8392,1721,1721,0,0.0,3,3,3
fish2,8467,2906,2906,0,0.0,3,3,4
fish2,8542,429,429,0,0.0,1,1,1
fish2,8617,1712,1712,0,0.0,4,4,5
fish2,8692,1107,1107,0,0.0,3,3,4
fish2,8767,841,841,0,0.0,3,3,4
fish2,8842,487,487,0,0.0,1,1,1
fish2,8917,0,0,0,0.0,0,0,0
fish3,0,0,0,0,0.0,0,0,0
fish3,53,0,0,0,0.0,0,0,0
fish3,106,0,0,0,0.0,0,0,0
fish3,159,0,0,0,0.0,0,0,0
fish3,213,0,0,0,0.0,0,0,0
fish3,266,5920,0,0,0.0,1,0,0
fish3,319,0,0,0,0.0,0,0,0
fish3,372,0,0,0,0.0,0,0,0
fish3,426,0,0,0,0.0,0,0,0
fish3,479,0,0,0,0.0,0,0,0
fish3,532,4280,4280,0,0.0,1,1,1
fish3,585,3852,3852,0,0.0,2,2,2
fish3,639,331,331,0,0.0,1,1,1
fish3,692,0,0,0,0.0,0,0,0
fish3,745,0,0,0,0.0,0,0,0
fish3,798,0,0,0,0.0,0,0,0
fish3,852,0,0,0,0.0,0,0,0
fish3,905,3956,3956,0,0.0,1,1,1
fish3,958,4167,4167,0,0.0,3,3,3
fish3,1011,1939,1939,0,0.0,1,1,2
fish3,1065,0,0,0,0.0,0,0,0
fish3,1118,3929,3929,0,0.0,1,1,1
fish3,1171,3006,3006,0,0.0,2,2,1
fish3,1224,0,0,0,0.0,0,0,0
fish3,1278,2266,2266,0,0.0,1,1,1
fish3,1331,0,0,0,0.0,0,0,0
fish3,1384,2121,2121,0,0.0,1,1,3
fish3,1438,2112,2112,0,0.0,2,2,2
fish3,1491,2475,2475,0,0.0,2,2,2
fish3,1544,0,0,0,0.0,0,0,0
fish3,1597,0,0,0,0.0,0,0,0
fish3,1651,0,0,0,0.0,0,0,0
fish3,1704,0,0,0,0.0,0,0,0
fish3,1757,1966,1966,0,0.0,1,1,1
fish3,1810,2815,2815,0,0.0,2,2,2
fish3,1864,3688,3688,0,0.0,2,2,2
fish3,1917,3765,3765,0,0.0,2,2,3
fish3,1970,3045,3045,0,0.0,2,2,2
fish3,2023,821,821,0,0.0,1,1,1
fish3,2077,4036,236,0,0.0,2,1,1
fish3,2130,0,0,0,0.0,0,0,0
fish3,2183,0,0,0,0.0,0,0,0
fish3,2236,2043,2043,0,0.0,1,1,2
fish3,2290,2326,2326,0,0.0,2,2,2
fish3,2343,4584,4584,0,0.0,3,3,3
fish3,2396,5121,5121,0,0.0,2,2,3
fish3,2449,4309,4309,0,0.0,3,3,3
fish3,2503,4013,4013,0,0.0,3,3,4
fish3,2556,4394,4394,0,0.0,3,3,3
fish3,2609,3449,3449,0,0.0,2,2,2
fish3,2663,2995,2995,0,0.0,2,2,2
fish3,2716,1770,1770,0,0.0,1,1,1
fish3,2769,1536,1536,0,0.0,1,1,1
fish3,2822,2480,2480,0,0.0,2,2,2
fish3,2876,0,0,0,0.0,0,0,0
fish3,2929,2609,2609,0,0.0,1,1,1
fish3,2982,2710,2710,0,0.0,2,2,1
fish3,3035,4473,4473,0,0.0,1,1,2
fish3,3089,0,0,0,0.0,0,0,0
fish3,3142,0,0,0,0.0,0,0,0
fish3,3195,2396,2396,0,0.0,1,1,1
fish3,3248,2463,2463,0,0.0,1,1,1
fish3,3302,2767,2767,0,0.0,2,2,2
fish3,3355,5600,5600,0,0.0,2,2,2
fish3,3408,4274,4274,0,0.0,1,1,1
fish3,3461,4192,4192,0,0.0,2,2,2
fish3,3515,0,0,0,0.0,0,0,0
fish3,3568,0,0,0,0.0,0,0,0
fish3,3621,0,0,0,0.0,0,0,0
fish3,3674,0,0,0,0.0,0,0,0
fish3,3728,1459,1459,0,0.0,1,1,1
fish3,3781,0,0,0,0.0,0,0,0
fish3,3834,0,0,0,0.0,0,0,0
fish3,3888,0,0,0,0.0,0,0,0
fish3,3941,0,0,0,0.0,0,0,0
fish3,3994,0,0,0,0.0,0,0,0
fish3,4047,0,0,0,0.0,0,0,0
fish3,4101,981,981,0,0.0,1,1,2
fish3,4154,2979,2979,0,0.0,2,2,2
fish3,4207,2178,2178,0,0.0,2,2,3
fish3,4260,2022,2022,0,0.0,1,1,1
fish3,4314,0,0,0,0.0,0,0,0
fish3,4367,1857,1857,0,0.0,1,1,1
fish3,4420,1798,1798,0,0.0,1,1,1
fish3,4473,0,0,0,0.0,0,0,0
fish3,4527,3008,3008,0,0.0,2,2,3
fish3,4580,2386,2386,0,0.0,2,2,3
fish3,4633,2327,2327,0,0.0,1,1,1
fish3,4686,3230,3230,0,0.0,1,1,1
fish3,4740,4523,4523,0,0.0,2,2,1
fish3,4793,1860,1860,0,0.0,1,1,2
fish3,4846,1858,1858,0,0.0,1,1,1
fish3,4899,2127,2127,0,0.0,1,1,1
fish3,4953,2124,2124,0,0.0,1,1,1
fish3,5006,1845,1845,0,0.0,1,1,1
fish3,5059,1870,1870,0,0.0,1,1,1
fish3,5113,2083,2083,0,0.0,1,1,1
fish3,5166,5553,5553,0,0.0,2,2,2
fish3,5219,2846,2846,0,0.0,1,1,1
fish3,5272,2627,2627,0,0.0,1,1,1
fish3,5326,2528,2528,0,0.0,1,1,1
fish3,5379,3043,3043,0,0.0,2,2,1
fish3,5432,3382,3382,0,0.0,2,2,2
fish3,5485,2831,2831,0,0.0,1,1,1
fish3,5539,2587,2587,0,0.0,1,1,1
fish3,5592,2520,2520,0,0.0,1,1,1
fish3,5645,1915,1915,0,0.0,1,1,2
fish3,5698,1769,1769,0,0.0,1,1,1
fish3,5752,1694,1694,0,0.0,1,1,1
fish3,5805,1768,1768,0,0.0,1,1,1
fish3,5858,1732,1732,0,0.0,1,1,1
fish3,5911,1770,1770,0,0.0,1,1,1
fish3,5965,1950,1950,0,0.0,1,1,1
fish3,6018,0,0,0,0.0,0,0,0
fish3,6071,0,0,0,0.0,0,0,0
fish3,6124,0,0,0,0.0,0,0,0
fish3,6178,0,0,0,0.0,0,0,0
fish3,6231,0,0,0,0.0,0,0,0
fish3,6284,0,0,0,0.0,0,0,0
fish3,6338,0,0,0,0.0,0,0,0
fish3+4,0,1508,1508,0,0.0,1,1,1
fish3+4,56,1494,1494,0,0.0,1,1,1
fish3+4,112,1146,1146,0,0.0,1,1,1
fish3+4,169,2328,2328,0,0.0,5,5,6
fish3+4,225,2415,2415,0,0.0,3,3,4
fish3+4,282,2483,2483,0,0.0,3,3,1
fish3+4,338,6572,3943,0,0.0,7,5,4
fish3+4,395,6759,6759,0,0.0,8,8,3
fish3+4,451,363,363,0,0.0,1,1,1
fish3+4,507,335,335,0,0.0,1,1,1
fish3+4,564,0,0,0,0.0,0,0,0
fish3+4,620,0,0,0,0.0,0,0,0
fish3+4,677,0,0,0,0.0,0,0,0
fish3+4,733,0,0,0,0.0,0,0,0
fish3+4,790,0,0,0,0.0,0,0,0
fish3+4,846,0,0,0,0.0,0,0,0
fish3+4,902,0,0,0,0.0,0,0,0
fish3+4,959,0,0,0,0.0,0,0,0
fish3+4,1015,0,0,0,0.0,0,0,0
fish3+4,1072,0,0,0,0.0,0,0,0
fish3+4,1128,0,0,0,0.0,0,0,0
fish3+4,1185,2130,2130,0,0.0,1,1,1
fish3+4,1241,2311,2311,0,0.0,1,1,1
fish3+4,1298,2534,2534,0,0.0,1,1,1
fish3+4,1354,2857,2857,0,0.0,2,2,2
fish3+4,1410,3190,3190,0,0.0,1,1,2
fish3+4,1467,3329,3329,0,0.0,1,1,2
fish3+4,1523,3478,3478,0,0.0,1,1,2
fish3+4,1580,0,0,0,0.0,0,0,0
fish3+4,1636,0,0,0,0.0,0,0,0
fish3+4,1693,0,0,0,0.0,0,0,0
fish3+4,1749,0,0,0,0.0,0,0,0
fish3+4,1805,0,0,0,0.0,0,0,0
fish3+4,1862,0,0,0,0.0,0,0,0
fish3+4,1918,0,0,0,0.0,0,0,0
fish3+4,1975,0,0,0,0.0,0,0,0
fish3+4,2031,1672,1672,0,0.0,1,1,1
fish3+4,2088,1570,1570,0,0.0,1,1,1
fish3+4,2144,1621,1621,0,0.0,1,1,1
fish3+4,2201,2089,2089,0,0.0,1,1,1
fish3+4,2257,1938,1938,0,0.0,1,1,1
fish3+4,2313,1914,1914,0,0.0,1,1,1
fish3+4,2370,1938,1938,0,0.0,1,1,1
fish3+4,2426,1930,1930,0,0.0,1,1,1
fish3+4,2483,1944,1944,0,0.0,1,1,1
fish3+4,2539,1961,1961,0,0.0,1,1,1
fish3+4,2596,1916,1916,0,0.0,1,1,1
fish3+4,2652,1696,1696,0,0.0,1,1,1
fish3+4,2708,2320,2320,0,0.0,4,4,2
fish3+4,2765,5254,5254,0,0.0,2,2,3
fish3+4,2821,3736,3736,0,0.0,4,4,5
fish3+4,2878,1390,1390,0,0.0,4,4,6
fish3+4,2934,0,0,0,0.0,0,0,0
fish3+4,2991,14104,14104,0,0.0,7,7,4
fish3+4,3047,9155,9155,0,0.0,4,4,1
fish3+4,3104,10987,2215,0,0.0,3,1,1
fish3+4,3160,3199,2010,0,0.0,2,1,1
fish3+4,3216,3947,3947,0,0.0,3,3,3
fish3+4,3273,5606,5606,0,0.0,4,4,3
fish3+4,3329,4379,4379,0,0.0,4,4,5
fish3+4,3386,6872,6872,0,0.0,3,3,3
fish3+4,3442,5826,5826,0,0.0,3,3,3
fish3+4,3499,4339,4339,0,0.0,3,3,2
fish3+4,3555,4169,4169,0,0.0,4,4,4
fish3+4,3611,4342,4342,0,0.0,3,3,2
fish3+4,3668,4882,4882,0,0.0,3,3,3
fish3+4,3724,5110,5110,0,0.0,3,3,4
fish3+4,3781,4519,4519,0,0.0,4,4,3
fish3+4,3837,5077,5077,0,0.0,4,4,4
fish3+4,3894,5790,5790,0,0.0,3,3,2
fish3+4,3950,6422,6422,0,0.0,3,3,4
fish3+4,4007,5783,5783,0,0.0,3,3,3
fish3+4,4063,4835,4835,0,0.0,4,4,2
fish3+4,4119,3476,3476,0,0.0,3,3,3
fish3+4,4176,2670,2670,0,0.0,2,2,2
fish3+4,4232,2691,2691,0,0.0,2,2,2
fish3+4,4289,5369,5369,0,0.0,3,3,2
fish3+4,4345,283,283,0,0.0,1,1,1
fish3+4,4402,6436,6436,0,0.0,5,5,3
fish3+4,4458,5840,5840,0,0.0,4,4,4
fish3+4,4514,255,255,0,0.0,1,1,1
fish3+4,4571,3818,3818,0,0.0,4,4,5
fish3+4,4627,1182,1182,0,0.0,2,2,2
fish3+4,4684,4952,4669,0,0.0,5,4,3
fish3+4,4740,4540,4540,0,0.0,2,2,1
fish3+4,4797,4440,4440,0,0.0,2,2,1
fish3+4,4853,4726,4726,0,0.0,3,3,1
fish3+4,4910,895,895,0,0.0,3,3,4
fish3+4,4966,2327,2081,0,0.0,3,2,3
fish3+4,5022,4325,4325,0,0.0,4,4,1
fish3+4,5079,9003,9003,0,0.0,12,12,12
fish3+4,5135,2178,2178,0,0.0,3,3,3
fish3+4,5192,7347,7347,0,0.0,5,5,5
fish3+4,5248,2395,2395,0,0.0,3,3,4
fish3+4,5305,4456,4456,0,0.0,5,5,6
fish3+4,5361,5115,5115,0,0.0,5,5,5
fish3+4,5417,7584,7584,0,0.0,2,2,2
fish3+4,5474,1692,1692,0,0.0,1,1,1
fish3+4,5530,3620,3620,0,0.0,2,2,2
fish3+4,5587,0,0,0,0.0,0,0,0
fish3+4,5643,1045,1045,0,0.0,1,1,1
fish3+4,5700,0,0,0,0.0,0,0,0
fish3+4,5756,0,0,0,0.0,0,0,0
fish3+4,5813,2322,2322,0,0.0,3,3,1
fish3+4,5869,7663,7663,0,0.0,3,3,4
fish3+4,5925,9256,9256,0,0.0,7,7,4
fish3+4,5982,4066,4066,0,0.0,4,4,2
fish3+4,6038,1334,1334,0,0.0,1,1,2
fish3+4,6095,1462,1462,0,0.0,1,1,1
fish3+4,6151,4657,4657,0,0.0,3,3,1
fish3+4,6208,5153,4774,0,0.0,5,4,3
fish3+4,6264,3956,3615,0,0.0,4,3,2
fish3+4,6320,278,278,0,0.0,1,1,1
fish3+4,6377,294,294,0,0.0,1,1,1
fish3+4,6433,2762,2762,0,0.0,2,2,1
fish3+4,6490,273,273,0,0.0,1,1,1
fish3+4,6546,270,270,0,0.0,1,1,1
fish3+4,6603,278,278,0,0.0,1,1,1
fish3+4,6659,279,279,0,0.0,1,1,1
fish3+4,6716,279,279,0,0.0,1,1,1
fish4,0,1941,1941,0,0.0,2,2,1
fish4,73,10347,10347,0,0.0,10,10,10
fish4,147,1980,1980,0,0.0,2,2,1
fish4,221,2739,2739,0,0.0,1,1,1
fish4,295,2466,2466,0,0.0,2,2,1
fish4,369,2207,2207,0,0.0,1,1,1
fish4,442,2270,2270,0,0.0,2,2,2
fish4,516,1996,1996,0,0.0,1,1,1
fish4,590,1997,1997,0,0.0,2,2,3
fish4,664,2579,2579,0,0.0,1,1,2
fish4,738,2776,2776,0,0.0,2,2,2
fish4,812,2545,2545,0,0.0,2,2,2
fish4,885,1544,1544,0,0.0,1,1,1
fish4,959,0,0,0,0.0,0,0,0
fish4,1033,758,758,0,0.0,1,1,1
fish4,1107,0,0,0,0.0,0,0,0
fish4,1181,0,0,0,0.0,0,0,0
fish4,1255,2434,2434,0,0.0,1,1,1
fish4,1328,2331,2331,0,0.0,1,1,1
fish4,1402,2001,2001,0,0.0,1,1,1
fish4,1476,2557,2557,0,0.0,1,1,1
fish4,1550,3191,3191,0,0.0,1,1,1
fish4,1624,1187,1187,0,0.0,1,1,1
fish4,1697,1824,1824,0,0.0,1,1,1
fish4,1771,1940,1940,0,0.0,1,1,1
fish4,1845,2198,2198,0,0.0,1,1,1
fish4,1919,1569,1569,0,0.0,1,1,2
fish4,1993,1489,1489,0,0.0,1,1,1
fish4,2067,2056,2056,0,0.0,1,1,1
fish4,2140,2115,2115,0,0.0,1,1,1
fish4,2214,2682,2682,0,0.0,1,1,1
fish4,2288,2371,2371,0,0.0,1,1,1
fish4,2362,2320,2320,0,0.0,1,1,1
fish4,2436,2382,2382,0,0.0,1,1,1
fish4,2510,1672,1672,0,0.0,1,1,2
fish4,2583,1778,1778,0,0.0,1,1,2
fish4,2657,1898,1898,0,0.0,1,1,1
fish4,2731,1805,1805,0,0.0,1,1,1
fish4,2805,1909,1909,0,0.0,1,1,1
fish4,2879,2260,2260,0,0.0,1,1,1
fish4,2952,1695,1695,0,0.0,1,1,1
fish4,3026,1789,1789,0,0.0,1,1,2
fish4,3100,1591,1591,0,0.0,1,1,2
fish4,3174,1563,1563,0,0.0,1,1,2
fish4,3248,2555,2555,0,0.0,2,2,2
fish4,3322,3170,3170,0,0.0,1,1,1
fish4,3395,2364,2364,0,0.0,1,1,1
fish4,3469,2096,2096,0,0.0,1,1,1
fish4,3543,1757,1757,0,0.0,1,1,1
fish4,3617,1829,1829,0,0.0,1,1,1
fish4,3691,1128,1128,0,0.0,1,1,1
fish4,3765,1706,1706,0,0.0,1,1,1
fish4,3838,1754,1754,0,0.0,1,1,2
fish4,3912,2147,2147,0,0.0,1,1,1
fish4,3986,2901,2901,0,0.0,1,1,1
fish4,4060,2748,2748,0,0.0,1,1,1
fish4,4134,2112,2112,0,0.0,1,1,1
fish4,4207,2314,2314,0,0.0,2,2,3
fish4,4281,1908,1908,0,0.0,2,2,2
fish4,4355,1966,1966,0,0.0,1,1,1
fish4,4429,2125,2125,0,0.0,1,1,1
fish4,4503,0,0,0,0.0,0,0,0
fish4,4577,2018,2018,0,0.0,1,1,1
fish4,4650,1646,1646,0,0.0,1,1,1
fish4,4724,1256,1256,0,0.0,2,2,3
fish4,4798,2428,2428,0,0.0,2,2,2
fish4,4872,2424,2424,0,0.0,1,1,1
fish4,4946,2419,2419,0,0.0,1,1,2
fish4,5020,5390,5390,0,0.0,2,2,2
fish4,5093,0,0,0,0.0,0,0,0
fish4,5167,2733,2733,0,0.0,1,1,1
fish4,5241,0,0,0,0.0,0,0,0
fish4,5315,0,0,0,0.0,0,0,0
fish4,5389,0,0,0,0.0,0,0,0
fish4,5462,0,0,0,0.0,0,0,0
fish4,5536,0,0,0,0.0,0,0,0
fish4,5610,0,0,0,0.0,0,0,0
fish4,5684,0,0,0,0.0,0,0,0
fish4,5758,0,0,0,0.0,0,0,0
fish4,5832,0,0,0,0.0,0,0,0
fish4,5905,0,0,0,0.0,0,0,0
fish4,5979,0,0,0,0.0,0,0,0
fish4,6053,0,0,0,0.0,0,0,0
fish4,6127,0,0,0,0.0,0,0,0
fish4,6201,0,0,0,0.0,0,0,0
fish4,6275,0,0,0,0.0,0,0,0
fish4,6348,0,0,0,0.0,0,0,0
fish4,6422,0,0,0,0.0,0,0,0
fish4,6496,0,0,0,0.0,0,0,0
fish4,6570,0,0,0,0.0,0,0,0
fish4,6644,0,0,0,0.0,0,0,0
fish4,6717,0,0,0,0.0,0,0,0
fish4,6791,0,0,0,0.0,0,0,0
fish4,6865,0,0,0,0.0,0,0,0
fish4,6939,0,0,0,0.0,0,0,0
fish4,7013,0,0,0,0.0,0,0,0
fish4,7087,0,0,0,0.0,0,0,0
fish4,7160,2971,0,0,0.0,1,0,0
fish4,7234,1587,1587,0,0.0,1,1,2
fish4,7308,3145,0,0,0.0,1,0,0
fish4,7382,2536,2536,0,0.0,1,1,1
fish4,7456,0,0,0,0.0,0,0,0
fish4,7530,0,0,0,0.0,0,0,0
fish4,7603,3919,0,0,0.0,1,0,0
fish4,7677,3938,0,0,0.0,1,0,0
fish4,7751,0,0,0,0.0,0,0,0
fish4,7825,3361,0,3361,1.0,2,0,0
fish4,7899,296,296,0,0.0,1,1,1
fish4,7972,29904,29904,0,0.0,9,9,4
fish4,8046,4992,4709,0,0.0,3,2,2
fish4,8120,3747,3747,0,0.0,1,1,1
fish4,8194,5625,5625,0,0.0,1,1,1
fish4,8268,2591,2591,0,0.0,1,1,1
fish4,8342,2216,2216,0,0.0,1,1,1
fish4,8415,2276,2276,0,0.0,1,1,1
fish4,8489,2443,2443,0,0.0,1,1,1
fish4,8563,2535,2535,0,0.0,1,1,1
fish4,8637,299,299,0,0.0,1,1,1
fish4,8711,0,0,0,0.0,0,0,0
fish4,8785,0,0,0,0.0,0,0,0
fish5,0,2072,2072,0,0.0,3,3,1
fish5,101,1945,1945,0,0.0,3,3,3
fish5,202,3435,749,0,0.0,3,2,2
fish5,303,1542,1542,0,0.0,2,2,1
fish5,404,1188,1188,0,0.0,2,2,1
fish5,505,1860,1860,0,0.0,3,3,3
fish5,606,2817,2817,0,0.0,3,3,1
fish5,707,1449,1449,0,0.0,2,2,1
fish5,808,403,403,0,0.0,1,1,1
fish5,909,507,507,0,0.0,2,2,3
fish5,1010,8186,8186,0,0.0,6,6,4
fish5,1111,2494,2494,0,0.0,3,3,1
fish5,1212,0,0,0,0.0,0,0,0
fish5,1313,1782,1782,0,0.0,3,3,1
fish5,1414,3210,3210,0,0.0,4,4,1
fish5,1515,2658,2658,0,0.0,2,2,1
fish5,1616,0,0,0,0.0,0,0,0
fish5,1717,4832,4832,0,0.0,4,4,2
fish5,1818,4615,4615,0,0.0,4,4,4
fish5,1919,3148,3148,0,0.0,3,3,2
fish5,2021,452,452,0,0.0,1,1,1
fish5,2122,578,578,0,0.0,1,1,1
fish5,2223,1019,1019,0,0.0,2,2,2
fish5,2324,2612,2612,0,0.0,3,3,1
fish5,2425,2874,2874,0,0.0,3,3,1
fish5,2526,3055,983,0,0.0,3,2,3
fish5,2627,2161,2161,0,0.0,2,2,1
fish5,2728,4690,4690,0,0.0,3,3,2
fish5,2829,2574,2574,0,0.0,3,3,1
fish5,2930,9617,9617,0,0.0,3,3,3
fish5,3031,0,0,0,0.0,0,0,0
fish5,3132,6376,6376,0,0.0,1,1,1
fish5,3233,2683,2683,0,0.0,2,2,1
fish5,3334,792,792,0,0.0,1,1,1
fish5,3435,880,880,0,0.0,2,2,3
fish5,3536,0,0,0,0.0,0,0,0
fish5,3637,0,0,0,0.0,0,0,0
fish5,3738,0,0,0,0.0,0,0,0
fish5,3839,0,0,0,0.0,0,0,0
fish5,3940,0,0,0,0.0,0,0,0
fish5,4042,3025,3025,0,0.0,3,3,2
fish5,4143,4971,2011,0,0.0,4,3,3
fish5,4244,0,0,0,0.0,0,0,0
fish5,4345,2685,277,2408,0.8968342644320298,2,1,1
fish5,4446,1379,1379,0,0.0,1,1,1
fish5,4547,1302,1302,0,0.0,1,1,1
fish5,4648,1410,1410,0,0.0,1,1,1
fish5,4749,0,0,0,0.0,0,0,0
fish5,4850,865,865,0,0.0,3,3,4
fish5,4951,0,0,0,0.0,0,0,0
fish5,5052,0,0,0,0.0,0,0,0
fish5,5153,0,0,0,0.0,0,0,0
fish5,5254,2764,2764,0,0.0,1,1,1
fish5,5355,11460,10295,1165,0.10165794066317627,4,3,3
fish5,5456,1938,1938,0,0.0,1,1,1
fish5,5557,1687,1687,0,0.0,1,1,1
fish5,5658,1098,1098,0,0.0,1,1,2
fish5,5759,3702,3702,0,0.0,6,6,2
fish5,5860,12146,12146,0,0.0,4,4,3
fish5,5961,6440,0,0,0.0,2,0,0
fish5,6063,1765,1765,0,0.0,3,3,4
fish5,6164,6250,6250,0,0.0,3,3,4
fish5,6265,1730,1730,0,0.0,2,2,2
fish5,6366,610,610,0,0.0,1,1,1
fish5,6467,2110,1904,206,0.0976303317535545,4,4,7
fish5,6568,0,0,0,0.0,0,0,0
fish5,6669,0,0,0,0.0,0,0,0
fish5,6770,1698,1698,0,0.0,1,1,1
fish5,6871,0,0,0,0.0,0,0,0
fish5,6972,0,0,0,0.0,0,0,0
fish5,7073,641,641,0,0.0,1,1,1
fish5,7174,718,718,0,0.0,1,1,1
fish5,7275,0,0,0,0.0,0,0,0
fish5,7376,0,0,0,0.0,0,0,0
fish5,7477,0,0,0,0.0,0,0,0
fish5,7578,642,642,0,0.0,1,1,2
fish5,7679,0,0,0,0.0,0,0,0
fish5,7780,0,0,0,0.0,0,0,0
fish5,7881,1993,674,0,0.0,3,2,2
fish5,7982,1800,0,0,0.0,1,0,0
fish5,8084,672,672,0,0.0,1,1,1
fish5,8185,454,454,0,0.0,1,1,1
fish5,8286,686,686,0,0.0,1,1,1
fish5,8387,1294,1294,0,0.0,1,1,1
fish5,8488,2159,2159,0,0.0,2,2,2
fish5,8589,2420,2420,0,0.0,2,2,1
fish5,8690,0,0,0,0.0,0,0,0
fish5,8791,1872,1872,0,0.0,3,3,4
fish5,8892,732,732,0,0.0,1,1,1
fish5,8993,859,859,0,0.0,1,1,2
fish5,9094,1070,1070,0,0.0,1,1,1
fish5,9195,968,968,0,0.0,1,1,1
fish5,9296,783,783,0,0.0,1,1,1
fish5,9397,675,675,0,0.0,1,1,1
fish5,9498,634,634,0,0.0,1,1,1
fish5,9599,694,694,0,0.0,1,1,1
fish5,9700,656,656,0,0.0,1,1,1
fish5,9801,584,584,0,0.0,1,1,1
fish5,9902,626,626,0,0.0,1,1,1
fish5,10003,575,575,0,0.0,1,1,1
fish5,10105,531,531,0,0.0,1,1,1
fish5,10206,0,0,0,0.0,0,0,0
fish5,10307,0,0,0,0.0,0,0,0
fish5,10408,10103,10103,0,0.0,3,3,2
fish5,10509,2443,2056,387,0.1584117887842816,4,3,4
fish5,10610,1335,1335,0,0.0,2,2,2
fish5,10711,1207,1207,0,0.0,1,1,1
fish5,10812,0,0,0,0.0,0,0,0
fish5,10913,0,0,0,0.0,0,0,0
fish5,11014,0,0,0,0.0,0,0,0
fish5,11115,1201,1201,0,0.0,1,1,1
fish5,11216,408,408,0,0.0,1,1,1
fish5,11317,481,481,0,0.0,1,1,1
fish5,11418,520,520,0,0.0,1,1,1
fish5,11519,0,0,0,0.0,0,0,0
fish5,11620,478,478,0,0.0,1,1,1
fish5,11721,465,465,0,0.0,1,1,1
fish5,11822,0,0,0,0.0,0,0,0
fish5,11923,487,487,0,0.0,1,1,1
fish5,12025,531,531,0,0.0,1,1,1
fish6,0,8749,8749,0,0.0,12,12,11
fish6,75,572,572,0,0.0,1,1,1
fish6,151,333,333,0,0.0,1,1,1
fish6,226,333,333,0,0.0,1,1,1
fish6,302,365,365,0,0.0,1,1,1
fish6,378,345,345,0,0.0,1,1,1
fish6,453,370,370,0,0.0,1,1,1
fish6,529,354,354,0,0.0,1,1,1
fish6,605,368,368,0,0.0,1,1,1
fish6,680,369,369,0,0.0,1,1,1
fish6,756,338,338,0,0.0,1,1,1
fish6,832,0,0,0,0.0,0,0,0
fish6,907,533,0,0,0.0,1,0,0
fish6,983,538,0,0,0.0,1,0,0
fish6,1059,0,0,0,0.0,0,0,0
fish6,1134,0,0,0,0.0,0,0,0
fish6,1210,827,827,0,0.0,1,1,1
fish6,1286,775,775,0,0.0,1,1,1
fish6,1361,727,727,0,0.0,1,1,1
fish6,1437,802,802,0,0.0,1,1,1
fish6,1513,0,0,0,0.0,0,0,0
fish6,1588,884,0,0,0.0,1,0,0
fish6,1664,670,670,0,0.0,1,1,1
fish6,1740,709,709,0,0.0,1,1,1
fish6,1815,707,707,0,0.0,1,1,1
fish6,1891,646,646,0,0.0,1,1,1
fish6,1967,639,639,0,0.0,1,1,1
fish6,2042,743,743,0,0.0,1,1,1
fish6,2118,648,648,0,0.0,1,1,1
fish6,2194,881,881,0,0.0,1,1,1
fish6,2269,786,786,0,0.0,1,1,1
fish6,2345,676,0,0,0.0,1,0,0
fish6,2420,0,0,0,0.0,0,0,0
fish6,2496,0,0,0,0.0,0,0,0
fish6,2572,402,402,0,0.0,1,1,1
fish6,2647,775,0,0,0.0,1,0,0
fish6,2723,613,0,0,0.0,1,0,0
fish6,2799,0,0,0,0.0,0,0,0
fish6,2874,0,0,0,0.0,0,0,0
fish6,2950,794,0,0,0.0,1,0,0
fish6,3026,689,689,0,0.0,1,1,1
fish6,3101,736,736,0,0.0,1,1,2
fish6,3177,818,0,0,0.0,1,0,0
fish6,3253,815,815,0,0.0,1,1,1
fish6,3328,788,788,0,0.0,1,1,1
fish6,3404,778,778,0,0.0,1,1,1
fish6,3480,790,790,0,0.0,1,1,1
fish6,3555,818,818,0,0.0,1,1,1
fish6,3631,773,0,0,0.0,1,0,0
fish6,3707,0,0,0,0.0,0,0,0
fish6,3782,0,0,0,0.0,0,0,0
fish6,3858,1009,482,0,0.0,2,1,1
fish6,3934,866,866,0,0.0,1,1,1
fish6,4009,0,0,0,0.0,0,0,0
fish6,4085,0,0,0,0.0,0,0,0
fish6,4161,0,0,0,0.0,0,0,0
fish6,4236,604,0,0,0.0,1,0,0
fish6,4312,695,0,0,0.0,1,0,0
fish6,4388,716,716,0,0.0,1,1,1
fish6,4463,726,726,0,0.0,1,1,1
fish6,4539,728,728,0,0.0,1,1,2
fish6,4614,763,763,0,0.0,1,1,1
fish6,4690,727,727,0,0.0,1,1,1
fish6,4766,724,724,0,0.0,1,1,1
fish6,4841,782,782,0,0.0,1,1,1
fish6,4917,975,975,0,0.0,1,1,1
fish6,4993,1069,1069,0,0.0,1,1,1
fish6,5068,3486,3486,0,0.0,2,2,1
fish6,5144,433,433,0,0.0,1,1,1
fish6,5220,731,731,0,0.0,1,1,1
fish6,5295,2600,2600,0,0.0,3,3,3
fish6,5371,694,694,0,0.0,1,1,2
fish6,5447,3114,3114,0,0.0,3,3,5
fish6,5522,606,606,0,0.0,1,1,1
fish6,5598,1211,1211,0,0.0,2,2,1
fish6,5674,841,841,0,0.0,1,1,1
fish6,5749,642,642,0,0.0,1,1,1
fish6,5825,685,0,0,0.0,1,0,0
fish6,5901,717,717,0,0.0,1,1,1
fish6,5976,730,730,0,0.0,1,1,1
fish6,6052,660,660,0,0.0,1,1,1
fish6,6128,761,761,0,0.0,1,1,1
fish6,6203,289,289,0,0.0,1,1,1
fish6,6279,699,699,0,0.0,1,1,1
fish6,6355,746,0,0,0.0,1,0,0
fish6,6430,325,325,0,0.0,1,1,1
fish6,6506,698,698,0,0.0,1,1,1
fish6,6582,281,281,0,0.0,1,1,1
fish6,6657,0,0,0,0.0,0,0,0
fish6,6733,0,0,0,0.0,0,0,0
fish6,6808,579,579,0,0.0,1,1,1
fish6,6884,667,667,0,0.0,1,1,1
fish6,6960,726,726,0,0.0,1,1,1
fish6,7035,652,0,0,0.0,1,0,0
fish6,7111,1871,691,0,0.0,4,2,2
fish6,7187,6709,6709,0,0.0,3,3,2
fish6,7262,2613,2613,0,0.0,2,2,2
fish6,7338,1431,1431,0,0.0,3,3,5
fish6,7414,2795,2795,0,0.0,4,4,3
fish6,7489,756,756,0,0.0,1,1,1
fish6,7565,1981,1710,0,0.0,2,1,2
fish6,7641,296,296,0,0.0,1,1,1
fish6,7716,656,656,0,0.0,1,1,1
fish6,7792,645,645,0,0.0,1,1,2
fish6,7868,1251,1251,0,0.0,4,4,5
fish6,7943,289,0,0,0.0,1,0,0
fish6,8019,7485,7070,0,0.0,7,6,5
fish6,8095,0,0,0,0.0,0,0,0
fish6,8170,225,0,0,0.0,1,0,0
fish6,8246,0,0,0,0.0,0,0,0
fish6,8322,0,0,0,0.0,0,0,0
fish6,8397,0,0,0,0.0,0,0,0
fish6,8473,2712,2712,0,0.0,6,6,11
fish6,8549,24393,5705,0,0.0,10,9,10
fish6,8624,2668,2668,0,0.0,7,7,8
fish6,8700,256,256,0,0.0,1,1,1
fish6,8776,260,260,0,0.0,1,1,1
fish6,8851,1439,1439,0,0.0,2,2,1
fish6,8927,260,260,0,0.0,1,1,1
fish6,9003,3885,3885,0,0.0,3,3,1
fish7,0,0,0,0,0.0,0,0,0
fish7,61,385,385,0,0.0,1,1,2
fish7,123,5612,5612,0,0.0,7,7,11
fish7,185,326,326,0,0.0,1,1,2
fish7,247,4989,4989,0,0.0,9,9,10
fish7,309,1112,1112,0,0.0,2,2,4
fish7,371,824,824,0,0.0,1,1,1
fish7,432,708,708,0,0.0,1,1,1
fish7,494,708,708,0,0.0,1,1,1
fish7,556,488,488,0,0.0,1,1,1
fish7,618,503,503,0,0.0,1,1,1
fish7,680,364,364,0,0.0,1,1,1
fish7,742,385,385,0,0.0,1,1,1
fish7,803,435,435,0,0.0,1,1,1
fish7,865,472,472,0,0.0,1,1,1
fish7,927,509,509,0,0.0,1,1,1
fish7,989,512,512,0,0.0,1,1,1
fish7,1051,452,452,0,0.0,1,1,1
fish7,1113,410,410,0,0.0,1,1,1
fish7,1174,0,0,0,0.0,0,0,0
fish7,1236,0,0,0,0.0,0,0,0
fish7,1298,0,0,0,0.0,0,0,0
fish7,1360,0,0,0,0.0,0,0,0
fish7,1422,1253,1253,0,0.0,1,1,1
fish7,1484,0,0,0,0.0,0,0,0
fish7,1546,0,0,0,0.0,0,0,0
fish7,1607,0,0,0,0.0,0,0,0
fish7,1669,1306,1306,0,0.0,1,1,1
fish7,1731,0,0,0,0.0,0,0,0
fish7,1793,1258,1258,0,0.0,1,1,1
fish7,1855,1085,1085,0,0.0,1,1,1
fish7,1917,1018,1018,0,0.0,1,1,1
fish7,1978,1108,1108,0,0.0,1,1,1
fish7,2040,1064,1064,0,0.0,1,1,1
fish7,2102,0,0,0,0.0,0,0,0
fish7,2164,0,0,0,0.0,0,0,0
fish7,2226,0,0,0,0.0,0,0,0
fish7,2288,1029,1029,0,0.0,1,1,1
fish7,2349,1125,1125,0,0.0,1,1,1
fish7,2411,1128,1128,0,0.0,1,1,1
fish7,2473,1171,1171,0,0.0,1,1,1
fish7,2535,0,0,0,0.0,0,0,0
fish7,2597,0,0,0,0.0,0,0,0
fish7,2659,0,0,0,0.0,0,0,0
fish7,2720,1048,0,0,0.0,1,0,0
fish7,2782,0,0,0,0.0,0,0,0
fish7,2844,1105,0,0,0.0,1,0,0
fish7,2906,962,962,0,0.0,1,1,1
fish7,2968,1003,1003,0,0.0,1,1,1
fish7,3030,1036,1036,0,0.0,1,1,1
fish7,3092,1116,1116,0,0.0,1,1,1
fish7,3153,1098,1098,0,0.0,1,1,1
fish7,3215,1175,1175,0,0.0,1,1,1
fish7,3277,1182,1182,0,0.0,1,1,1
fish7,3339,1073,1073,0,0.0,1,1,1
fish7,3401,1150,0,0,0.0,1,0,0
fish7,3463,0,0,0,0.0,0,0,0
fish7,3524,0,0,0,0.0,0,0,0
fish7,3586,0,0,0,0.0,0,0,0
fish7,3648,1086,1086,0,0.0,1,1,1
fish7,3710,973,973,0,0.0,1,1,1
fish7,3772,926,926,0,0.0,1,1,1
fish7,3834,809,809,0,0.0,1,1,1
fish7,3895,780,780,0,0.0,1,1,1
fish7,3957,663,663,0,0.0,1,1,1
fish7,4019,701,701,0,0.0,1,1,1
fish7,4081,904,904,0,0.0,1,1,1
fish7,4143,969,0,0,0.0,1,0,0
fish7,4205,1162,0,0,0.0,1,0,0
fish7,4266,0,0,0,0.0,0,0,0
fish7,4328,0,0,0,0.0,0,0,0
fish7,4390,956,956,0,0.0,1,1,1
fish7,4452,1066,1066,0,0.0,1,1,1
fish7,4514,1039,1039,0,0.0,1,1,1
fish7,4576,0,0,0,0.0,0,0,0
fish7,4638,0,0,0,0.0,0,0,0
fish7,4699,1119,0,0,0.0,1,0,0
fish7,4761,1008,1008,0,0.0,1,1,1
fish7,4823,1035,1035,0,0.0,1,1,1
fish7,4885,1025,1025,0,0.0,1,1,1
fish7,4947,1046,1046,0,0.0,1,1,1
fish7,5009,1130,0,0,0.0,1,0,0
fish7,5070,0,0,0,0.0,0,0,0
fish7,5132,1041,0,0,0.0,1,0,0
fish7,5194,1065,1065,0,0.0,1,1,1
fish7,5256,1053,1053,0,0.0,1,1,1
fish7,5318,1077,1077,0,0.0,1,1,1
fish7,5380,1067,1067,0,0.0,1,1,1
fish7,5441,0,0,0,0.0,0,0,0
fish7,5503,0,0,0,0.0,0,0,0
fish7,5565,0,0,0,0.0,0,0,0
fish7,5627,1013,0,0,0.0,1,0,0
fish7,5689,1079,1079,0,0.0,1,1,1
fish7,5751,1056,1056,0,0.0,1,1,1
fish7,5812,1085,1085,0,0.0,1,1,1
fish7,5874,1167,1167,0,0.0,1,1,2
fish7,5936,972,972,0,0.0,1,1,1
fish7,5998,1039,1039,0,0.0,1,1,1
fish7,6060,1054,0,0,0.0,1,0,0
fish7,6122,0,0,0,0.0,0,0,0
fish7,6184,0,0,0,0.0,0,0,0
fish7,6245,0,0,0,0.0,0,0,0
fish7,6307,0,0,0,0.0,0,0,0
fish7,6369,0,0,0,0.0,0,0,0
fish7,6431,0,0,0,0.0,0,0,0
fish7,6493,0,0,0,0.0,0,0,0
fish7,6555,0,0,0,0.0,0,0,0
fish7,6616,0,0,0,0.0,0,0,0
fish7,6678,0,0,0,0.0,0,0,0
fish7,6740,5684,5684,0,0.0,2,2,2
fish7,6802,4604,429,0,0.0,2,1,1
fish7,6864,13721,13721,0,0.0,6,6,6
fish7,6926,921,921,0,0.0,1,1,2
fish7,6987,1834,1834,0,0.0,2,2,1
fish7,7049,0,0,0,0.0,0,0,0
fish7,7111,0,0,0,0.0,0,0,0
fish7,7173,0,0,0,0.0,0,0,0
fish7,7235,2750,2750,0,0.0,4,4,5
fish7,7297,1284,1284,0,0.0,4,4,5
fish7,7359,2174,2174,0,0.0,1,1,1
fish8,0,3476,3476,0,0.0,5,5,8
fish8,62,622,622,0,0.0,2,2,3
fish8,125,17417,17417,0,0.0,3,3,1
fish8,188,2388,2388,0,0.0,3,3,3
fish8,251,497,497,0,0.0,1,1,1
fish8,314,456,456,0,0.0,1,1,1
fish8,377,546,546,0,0.0,1,1,1
fish8,440,962,0,0,0.0,1,0,0
fish8,502,1013,1013,0,0.0,1,1,2
fish8,565,1423,0,0,0.0,1,0,0
fish8,628,1638,1638,0,0.0,2,2,2
fish8,691,0,0,0,0.0,0,0,0
fish8,754,650,0,0,0.0,1,0,0
fish8,817,1265,1265,0,0.0,1,1,2
fish8,880,0,0,0,0.0,0,0,0
fish8,942,786,486,0,0.0,2,1,1
fish8,1005,0,0,0,0.0,0,0,0
fish8,1068,0,0,0,0.0,0,0,0
fish8,1131,0,0,0,0.0,0,0,0
fish8,1194,0,0,0,0.0,0,0,0
fish8,1257,1003,1003,0,0.0,1,1,1
fish8,1320,799,799,0,0.0,1,1,2
fish8,1382,870,870,0,0.0,1,1,2
fish8,1445,911,911,0,0.0,1,1,3
fish8,1508,681,366,0,0.0,2,1,1
fish8,1571,936,936,0,0.0,1,1,2
fish8,1634,753,0,0,0.0,1,0,0
fish8,1697,941,941,0,0.0,1,1,1
fish8,1760,1046,1046,0,0.0,1,1,1
fish8,1822,1085,1085,0,0.0,1,1,1
fish8,1885,1080,1080,0,0.0,1,1,1
fish8,1948,967,967,0,0.0,1,1,1
fish8,2011,907,907,0,0.0,1,1,1
fish8,2074,734,734,0,0.0,1,1,2
fish8,2137,1106,1106,0,0.0,1,1,1
fish8,2200,1134,1134,0,0.0,1,1,1
fish8,2262,1013,1013,0,0.0,1,1,1
fish8,2325,932,932,0,0.0,1,1,1
fish8,2388,371,371,0,0.0,1,1,1
fish8,2451,288,288,0,0.0,1,1,1
fish8,2514,275,275,0,0.0,1,1,1
fish8,2577,327,327,0,0.0,1,1,1
fish8,2640,638,638,0,0.0,1,1,2
fish8,2702,510,510,0,0.0,2,2,2
fish8,2765,760,760,0,0.0,1,1,1
fish8,2828,766,766,0,0.0,1,1,2
fish8,2891,810,810,0,0.0,1,1,2
fish8,2954,589,589,0,0.0,2,2,2
fish8,3017,722,722,0,0.0,1,1,2
fish8,3080,651,651,0,0.0,2,2,2
fish8,3142,649,649,0,0.0,1,1,2
fish8,3205,576,576,0,0.0,1,1,2
fish8,3268,688,688,0,0.0,2,2,2
fish8,3331,361,361,0,0.0,1,1,1
fish8,3394,706,706,0,0.0,1,1,1
fish8,3457,559,559,0,0.0,2,2,2
fish8,3520,650,650,0,0.0,1,1,2
fish8,3582,758,758,0,0.0,1,1,1
fish8,3645,3064,3064,0,0.0,6,6,8
fish8,3708,0,0,0,0.0,0,0,0
fish8,3771,825,825,0,0.0,2,2,2
fish8,3834,421,421,0,0.0,1,1,1
fish8,3897,0,0,0,0.0,0,0,0
fish8,3960,802,802,0,0.0,1,1,1
fish8,4022,909,909,0,0.0,1,1,1
fish8,4085,891,891,0,0.0,1,1,1
fish8,4148,570,570,0,0.0,2,2,2
fish8,4211,637,637,0,0.0,1,1,2
fish8,4274,693,693,0,0.0,1,1,2
fish8,4337,742,742,0,0.0,1,1,1
fish8,4400,690,690,0,0.0,1,1,1
fish8,4462,707,707,0,0.0,1,1,1
fish8,4525,752,752,0,0.0,1,1,1
fish8,4588,682,682,0,0.0,2,2,2
fish8,4651,704,704,0,0.0,2,2,2
fish8,4714,702,702,0,0.0,2,2,2
fish8,4777,683,683,0,0.0,2,2,2
fish8,4840,705,705,0,0.0,2,2,2
fish8,4902,703,703,0,0.0,2,2,2
fish8,4965,704,704,0,0.0,2,2,2
fish8,5028,691,691,0,0.0,2,2,2
fish8,5091,705,705,0,0.0,1,1,2
fish8,5154,716,716,0,0.0,1,1,2
fish8,5217,725,725,0,0.0,1,1,2
fish8,5280,722,722,0,0.0,1,1,2
fish8,5342,713,713,0,0.0,1,1,2
fish8,5405,740,740,0,0.0,1,1,2
fish8,5468,811,811,0,0.0,1,1,1
fish8,5531,1414,1414,0,0.0,1,1,1
fish8,5594,5339,5339,0,0.0,3,3,3
fish8,5657,578,578,0,0.0,1,1,1
fish8,5720,1680,1680,0,0.0,1,1,1
fish8,5782,0,0,0,0.0,0,0,0
fish8,5845,551,551,0,0.0,1,1,1
fish8,5908,1026,1026,0,0.0,1,1,1
fish8,5971,368,368,0,0.0,1,1,1
fish8,6034,539,539,0,0.0,1,1,1
fish8,6097,511,511,0,0.0,1,1,1
fish8,6160,464,464,0,0.0,1,1,1
fish8,6222,498,498,0,0.0,1,1,1
fish8,6285,493,493,0,0.0,1,1,1
fish8,6348,498,498,0,0.0,1,1,1
fish8,6411,500,500,0,0.0,1,1,1
fish8,6474,497,497,0,0.0,1,1,1
fish8,6537,482,482,0,0.0,1,1,1
fish8,6600,487,487,0,0.0,1,1,1
fish8,6662,426,426,0,0.0,1,1,1
fish8,6725,494,494,0,0.0,1,1,1
fish8,6788,633,633,0,0.0,1,1,1
fish8,6851,527,527,0,0.0,1,1,1
fish8,6914,2763,2763,0,0.0,1,1,2
fish8,6977,3183,3183,0,0.0,1,1,1
fish8,7040,1862,1862,0,0.0,2,2,2
fish8,7102,474,474,0,0.0,1,1,1
fish8,7165,760,434,0,0.0,2,1,1
fish8,7228,682,682,0,0.0,2,2,2
fish8,7291,646,646,0,0.0,2,2,2
fish8,7354,609,609,0,0.0,2,2,2
fish8,7417,0,0,0,0.0,0,0,0
fish8,7480,0,0,0,0.0,0,0,0
fish9,0,0,0,0,0.0,0,0,0
fish9,50,728,728,0,0.0,1,1,2
fish9,101,527,527,0,0.0,2,2,2
fish9,151,0,0,0,0.0,0,0,0
fish9,202,560,560,0,0.0,1,1,1
fish9,252,7854,7854,0,0.0,11,11,6
fish9,303,998,998,0,0.0,2,2,3
fish9,353,719,719,0,0.0,1,1,2
fish9,404,751,751,0,0.0,1,1,1
fish9,454,383,383,0,0.0,1,1,1
fish9,505,885,885,0,0.0,1,1,1
fish9,555,671,671,0,0.0,1,1,1
fish9,606,717,717,0,0.0,2,2,2
fish9,656,709,709,0,0.0,1,1,2
fish9,707,810,810,0,0.0,1,1,1
fish9,757,515,515,0,0.0,1,1,1
fish9,808,587,587,0,0.0,1,1,1
fish9,858,523,523,0,0.0,1,1,2
fish9,909,560,560,0,0.0,1,1,1
fish9,959,339,339,0,0.0,1,1,1
fish9,1010,484,484,0,0.0,2,2,2
fish9,1060,231,231,0,0.0,1,1,1
fish9,1111,635,635,0,0.0,1,1,2
fish9,1161,602,602,0,0.0,1,1,1
fish9,1212,515,515,0,0.0,2,2,2
fish9,1262,519,519,0,0.0,2,2,2
fish9,1313,696,696,0,0.0,1,1,1
fish9,1363,760,760,0,0.0,1,1,1
fish9,1414,901,901,0,0.0,1,1,1
fish9,1464,977,977,0,0.0,1,1,1
fish9,1515,920,920,0,0.0,1,1,1
fish9,1565,839,839,0,0.0,1,1,1
fish9,1616,829,829,0,0.0,1,1,1
fish9,1666,657,657,0,0.0,1,1,1
fish9,1717,588,588,0,0.0,1,1,1
fish9,1767,613,613,0,0.0,1,1,1
fish9,1818,633,633,0,0.0,1,1,1
fish9,1868,520,520,0,0.0,1,1,1
fish9,1919,555,555,0,0.0,1,1,1
fish9,1969,1049,1049,0,0.0,1,1,1
fish9,2020,2099,1745,0,0.0,3,2,1
fish9,2071,329,0,0,0.0,1,0,0
fish9,2121,969,969,0,0.0,3,3,4
fish9,2172,5265,5265,0,0.0,2,2,2
fish9,2222,853,853,0,0.0,1,1,1
fish9,2273,493,493,0,0.0,1,1,1
fish9,2323,0,0,0,0.0,0,0,0
fish9,2374,0,0,0,0.0,0,0,0
fish9,2424,0,0,0,0.0,0,0,0
fish9,2475,0,0,0,0.0,0,0,0
fish9,2525,515,515,0,0.0,1,1,2
fish9,2576,627,627,0,0.0,2,2,2
fish9,2626,728,728,0,0.0,2,2,2
fish9,2677,1145,1145,0,0.0,3,3,3
fish9,2727,0,0,0,0.0,0,0,0
fish9,2778,531,531,0,0.0,2,2,2
fish9,2828,5219,5219,0,0.0,3,3,4
fish9,2879,610,610,0,0.0,2,2,3
fish9,2929,4289,4289,0,0.0,3,3,3
fish9,2980,0,0,0,0.0,0,0,0
fish9,3030,432,432,0,0.0,1,1,1
fish9,3081,1308,1308,0,0.0,3,3,3
fish9,3131,1203,1203,0,0.0,2,2,3
fish9,3182,965,965,0,0.0,2,2,2
fish9,3232,929,929,0,0.0,2,2,2
fish9,3283,663,663,0,0.0,1,1,1
fish9,3333,906,906,0,0.0,2,2,2
fish9,3384,927,927,0,0.0,2,2,2
fish9,3434,953,953,0,0.0,2,2,2
fish9,3485,236,236,0,0.0,1,1,1
fish9,3535,0,0,0,0.0,0,0,0
fish9,3586,403,403,0,0.0,1,1,2
fish9,3636,464,464,0,0.0,1,1,2
fish9,3687,274,274,0,0.0,1,1,1
fish9,3737,287,287,0,0.0,1,1,1
fish9,3788,277,277,0,0.0,1,1,1
fish9,3838,289,289,0,0.0,1,1,1
fish9,3889,302,302,0,0.0,1,1,1
fish9,3939,307,307,0,0.0,1,1,1
fish9,3990,300,300,0,0.0,1,1,1
fish9,4041,311,311,0,0.0,1,1,1
fish9,4091,319,319,0,0.0,1,1,1
fish9,4142,562,562,0,0.0,1,1,2
fish9,4192,1254,1254,0,0.0,2,2,2
fish9,4243,1118,1118,0,0.0,2,2,3
fish9,4293,686,686,0,0.0,1,1,1
fish9,4344,323,323,0,0.0,1,1,1
fish9,4394,345,345,0,0.0,1,1,1
fish9,4445,229,229,0,0.0,1,1,1
fish9,4495,5405,5405,0,0.0,5,5,3
fish9,4546,5389,5389,0,0.0,8,8,6
fish9,4596,323,323,0,0.0,1,1,2
fish9,4647,0,0,0,0.0,0,0,0
fish9,4697,0,0,0,0.0,0,0,0
fish9,4748,0,0,0,0.0,0,0,0
fish9,4798,1102,1102,0,0.0,4,4,6
fish9,4849,3277,3277,0,0.0,3,3,3
fish9,4899,0,0,0,0.0,0,0,0
fish9,4950,799,799,0,0.0,1,1,1
fish9,5000,1961,1961,0,0.0,3,3,5
fish9,5051,3388,3388,0,0.0,3,3,3
fish9,5101,745,745,0,0.0,1,1,1
fish9,5152,960,960,0,0.0,1,1,1
fish9,5202,467,467,0,0.0,1,1,2
fish9,5253,1071,1071,0,0.0,3,3,6
fish9,5303,2064,2064,0,0.0,3,3,7
fish9,5354,525,525,0,0.0,2,2,2
fish9,5404,995,995,0,0.0,2,2,5
fish9,5455,705,705,0,0.0,3,3,5
fish9,5505,0,0,0,0.0,0,0,0
fish9,5556,0,0,0,0.0,0,0,0
fish9,5606,2330,2330,0,0.0,4,4,1
fish9,5657,958,958,0,0.0,1,1,2
fish9,5707,870,870,0,0.0,2,2,4
fish9,5758,831,831,0,0.0,3,3,3
fish9,5808,923,923,0,0.0,1,1,2
fish9,5859,609,609,0,0.0,2,2,2
fish9,5909,612,612,0,0.0,2,2,2
fish9,5960,597,597,0,0.0,2,2,2
fish9,6011,658,658,0,0.0,2,2,2
